transaction_id,amount,risk_score,event_hour,billing_shipping_mismatch,customer_transaction_count,merchant_transaction_count,device_transaction_count,session_transaction_count,ip_transaction_count,customer_txn_count_1h_prior,device_txn_count_1h_prior,customer_decline_count_24h_prior,customer_amount_mean_prior,customer_amount_deviation_ratio,minutes_since_customer_event,minutes_since_device_event,customer_account_age_days,customer_historical_decline_rate,customer_historical_spend_mean,merchant_age_days,merchant_refund_rate,merchant_chargeback_rate,merchant_volume_growth_rate,device_ip_reputation_score,device_first_seen_days_ago,device_failed_login_count,label,attack_bucket,attack_subtype,attack_id,scenario_id,simulation_segment,currency_code,channel_code,rail_code,transaction_type_code,status_code,billing_country_code,shipping_country_code,merchant_category_code,payment_method_type_code,auth_result_code
txn_bfe94c6c439b,21.59,0.0886,0,0,0.0,0.0,0.0,0.0,0.0,0.0,0.0,0.0,0.0,0.0,1440.0,1440.0,2522.0,0.0558,182.72,1778.0,0.0566,0.0058,0.1487,0.1293,1210.0,0.0,0,,,,,routine_benign,3,0,1,0,0,3,3,4,0,0
txn_92cb2908a5e7,14.47,0.2406,0,0,2.0,0.0,2.0,0.0,0.0,2.0,2.0,0.0,17.22,0.1597,2.0,2.0,2522.0,0.0558,182.72,120.0,0.0678,0.0043,0.1781,0.1293,1210.0,0.0,0,,,,,routine_benign,4,1,2,0,0,4,4,6,0,0
txn_3b6eaba02b03,12.85,0.1307,0,0,1.0,0.0,1.0,0.0,0.0,1.0,1.0,0.0,21.59,0.4048,20.0,20.0,2522.0,0.0558,182.72,2617.0,0.075,0.0062,0.2081,0.1293,1210.0,0.0,0,,,,,routine_benign,1,2,0,0,0,5,5,1,2,0
txn_8d694a926c2f,31.73,0.048,1,0,3.0,0.0,3.0,0.0,0.0,2.0,2.0,0.0,16.3033,0.9462,50.0,50.0,2522.0,0.0558,182.72,2377.0,0.0442,0.0108,0.2707,0.1293,1210.0,0.0,0,,,,,routine_benign,4,3,0,0,0,0,0,0,1,0
txn_511183e27042,46.57,0.1114,1,0,2.0,0.0,4.0,0.0,0.0,1.0,1.0,0.0,25.41,0.8327,22.0,28.0,2426.0,0.0275,67.57,4064.0,0.0167,0.0099,0.1492,0.1293,1210.0,0.0,0,,,,,routine_benign,0,3,1,0,0,4,4,2,1,0
txn_e2bcc5619cf6,28.1,0.2331,0,0,0.0,0.0,0.0,0.0,0.0,0.0,0.0,0.0,0.0,0.0,1440.0,1440.0,2426.0,0.0275,67.57,4662.0,0.0104,0.0103,0.143,0.2187,1298.0,0.0,0,,,,,routine_benign,3,0,2,0,0,3,3,4,2,0
txn_56530764f419,22.72,0.0855,1,0,1.0,0.0,1.0,0.0,0.0,0.0,0.0,0.0,28.1,0.1915,63.0,63.0,2426.0,0.0275,67.57,4560.0,0.02,0.0138,0.1861,0.2187,1298.0,0.0,0,,,,,routine_benign,4,1,0,0,0,4,4,0,3,0
txn_88f4a7ea9511,50.94,0.2939,2,0,3.0,0.0,2.0,0.0,0.0,0.0,0.0,0.0,32.4633,0.5692,75.0,97.0,2426.0,0.0275,67.57,4271.0,0.0147,0.0049,0.0546,0.2187,1298.0,0.0,0,,,,,routine_benign,3,1,0,0,0,2,2,6,1,0
txn_b14ca2c27d58,99.06,0.1549,2,0,1.0,1.0,3.0,0.0,0.0,0.0,1.0,0.0,8.64,10.4653,66.0,1.0,2597.0,0.0603,26.96,387.0,0.0134,0.0034,0.2005,0.2187,1298.0,0.0,0,,,,,routine_benign,4,2,2,0,0,4,4,0,0,0
txn_a118418e1bd7,29.92,0.4979,3,0,3.0,0.0,4.0,0.0,0.0,2.0,2.0,0.0,40.8133,0.2669,38.0,49.0,2597.0,0.0603,26.96,2209.0,0.0528,0.0077,0.1486,0.2187,1298.0,0.0,0,,,,,atypical_benign,4,1,2,0,0,4,4,3,0,0
txn_e59af2239acd,8.64,0.1439,1,0,0.0,0.0,1.0,0.0,0.0,0.0,0.0,0.0,0.0,0.0,1440.0,71.0,2597.0,0.0603,26.96,3498.0,0.0196,0.0118,0.3356,0.2133,1237.0,1.0,0,,,,,routine_benign,4,3,2,0,0,1,1,4,3,0
txn_dad2f8c78c32,14.74,0.1965,3,0,2.0,1.0,2.0,0.0,0.0,1.0,0.0,0.0,53.85,0.7263,11.0,77.0,2597.0,0.0603,26.96,1154.0,0.0206,0.0065,0.0163,0.2133,1237.0,1.0,0,,,,,routine_benign,0,2,0,0,0,3,3,5,1,0
txn_bd0fb10a3067,22.6,0.551,5,0,2.0,1.0,3.0,0.0,0.0,0.0,0.0,0.0,61.43,0.6321,105.0,113.0,1093.0,0.0425,139.03,2774.0,0.0263,0.002,0.2147,0.2133,1237.0,1.0,0,,,,,atypical_benign,3,0,2,0,0,0,0,4,2,0
txn_69c6bd65c46c,57.01,0.1946,0,0,0.0,0.0,0.0,0.0,0.0,0.0,0.0,0.0,0.0,0.0,1440.0,1440.0,1093.0,0.0425,139.03,1005.0,0.075,0.0127,0.095,0.2133,1237.0,1.0,0,,,,,routine_benign,0,3,0,0,0,2,2,1,2,0
txn_82a4ef88910e,37.15,0.173,5,0,3.0,1.0,4.0,0.0,0.0,1.0,1.0,0.0,48.4867,0.2338,22.0,22.0,1093.0,0.0425,139.03,1582.0,0.0269,0.0128,0.1192,0.2133,1237.0,1.0,0,,,,,routine_benign,4,3,0,0,0,1,1,1,3,0
txn_e41b60e844dd,65.85,0.1399,3,0,1.0,0.0,1.0,0.0,0.0,0.0,0.0,0.0,57.01,0.1551,156.0,62.0,1093.0,0.0425,139.03,2446.0,0.0182,0.0129,0.0251,0.0353,697.0,0.0,0,,,,,routine_benign,4,2,2,0,0,1,1,6,1,0
txn_48195ba0a0d4,112.39,0.2392,5,0,1.0,1.0,2.0,0.0,0.0,0.0,0.0,0.0,9.11,11.337,187.0,125.0,740.0,0.0315,279.2,2175.0,0.0683,0.0117,0.2308,0.0353,697.0,0.0,0,,,,,routine_benign,3,3,1,0,0,4,4,6,1,0
txn_cdb6a6e1bc12,23.91,0.1676,7,0,3.0,0.0,4.0,0.0,0.0,0.0,0.0,0.0,60.8667,0.6072,65.0,65.0,740.0,0.0315,279.2,1550.0,0.0458,0.0127,0.3338,0.0353,697.0,0.0,0,,,,,routine_benign,2,2,2,0,0,0,0,3,2,0
txn_afcb1559c9e9,61.1,0.3111,6,0,2.0,2.0,3.0,0.0,0.0,1.0,1.0,0.0,60.75,0.0058,40.0,40.0,740.0,0.0315,279.2,1778.0,0.0566,0.0058,0.1487,0.0353,697.0,0.0,0,,,,,routine_benign,4,1,1,0,0,1,1,5,1,0
txn_24132df95999,9.11,0.302,2,0,0.0,1.0,0.0,0.0,0.0,0.0,0.0,0.0,0.0,0.0,1440.0,1440.0,740.0,0.0315,279.2,120.0,0.0678,0.0043,0.1781,0.0353,697.0,0.0,0,,,,,routine_benign,3,0,2,0,0,1,1,0,0,0
txn_d4ce90e141fd,45.53,0.0552,5,0,1.0,1.0,2.0,0.0,0.0,0.0,1.0,0.0,37.9,0.2013,202.0,28.0,2665.0,0.0239,265.29,2617.0,0.075,0.0062,0.2081,0.2142,512.0,0.0,0,,,,,routine_benign,2,2,2,0,0,2,2,1,2,0
txn_adcb990aacb2,16.25,0.3466,8,0,3.0,3.0,4.0,0.0,0.0,0.0,0.0,0.0,31.21,0.4793,108.0,108.0,2665.0,0.0239,265.29,2377.0,0.0442,0.0108,0.2707,0.2142,512.0,0.0,0,,,,,routine_benign,0,0,0,0,0,3,3,4,1,0
txn_cb30fa0de169,10.2,0.1377,6,0,2.0,2.0,3.0,0.0,0.0,1.0,1.0,0.0,41.715,0.7555,56.0,56.0,2665.0,0.0239,265.29,4064.0,0.0167,0.0099,0.1492,0.2142,512.0,0.0,0,,,,,routine_benign,1,3,0,0,0,3,3,1,3,0
txn_b1d0009b145f,37.9,0.112,2,0,0.0,1.0,0.0,0.0,0.0,0.0,0.0,0.0,0.0,0.0,1440.0,1440.0,2665.0,0.0239,265.29,4662.0,0.0104,0.0103,0.143,0.2142,512.0,0.0,0,,,,,routine_benign,2,1,0,0,0,4,4,1,2,0
txn_b54cfaf1a77d,11.24,0.2432,5,0,1.0,2.0,1.0,0.0,0.0,0.0,0.0,0.0,38.73,0.7098,62.0,174.0,2875.0,0.0103,72.86,4560.0,0.02,0.0138,0.1861,0.2142,512.0,0.0,0,,,,,routine_benign,1,3,1,0,0,2,2,4,1,0
txn_9c2ba4b5dc67,38.73,0.1957,4,0,0.0,1.0,0.0,0.0,0.0,0.0,0.0,0.0,0.0,0.0,1440.0,1440.0,2875.0,0.0103,72.86,4271.0,0.0147,0.0049,0.0546,0.1914,1487.0,1.0,0,,,,,routine_benign,1,1,0,0,0,4,4,6,3,0
txn_38c229b75b8c,19.81,0.1294,7,0,2.0,3.0,2.0,0.0,1.0,0.0,0.0,0.0,24.985,0.2071,156.0,178.0,2875.0,0.0103,72.86,387.0,0.0134,0.0034,0.2005,0.1914,1487.0,1.0,0,,,,,routine_benign,0,3,0,0,0,0,0,0,1,0
txn_2ad27a93b832,5.67,0.2821,8,0,3.0,1.0,3.0,0.0,0.0,1.0,1.0,0.0,23.26,0.7562,45.0,45.0,2875.0,0.0103,72.86,2209.0,0.0528,0.0077,0.1486,0.1914,1487.0,1.0,0,,,,,routine_benign,1,0,2,0,0,5,5,0,0,0
txn_e1b6a32782b5,17.42,0.4373,11,0,3.0,2.0,4.0,0.0,0.0,0.0,0.0,0.0,37.0933,0.5304,382.0,159.0,1504.0,0.0635,49.15,3498.0,0.0196,0.0118,0.3356,0.1914,1487.0,1.0,0,,,,,atypical_benign,3,1,0,0,0,4,4,3,0,0
txn_bd7d54bcdbd8,14.47,0.1046,4,0,2.0,2.0,1.0,0.0,0.0,1.0,1.0,0.0,48.405,0.7011,42.0,40.0,1504.0,0.0635,49.15,1154.0,0.0206,0.0065,0.0163,0.1914,1487.0,1.0,0,,,,,routine_benign,3,0,2,0,0,0,0,6,3,0
txn_66f21a3f7fad,21.58,0.3106,1,0,0.0,0.0,0.0,0.0,0.0,0.0,0.0,0.0,0.0,0.0,1440.0,1440.0,1504.0,0.0635,49.15,2774.0,0.0263,0.002,0.2147,0.2252,246.0,0.0,0,,,,,routine_benign,2,3,2,0,0,1,1,5,0,0
txn_0e819f994919,75.23,0.0946,4,0,1.0,1.0,3.0,0.0,0.0,0.0,2.0,0.0,21.58,2.4861,158.0,10.0,1504.0,0.0635,49.15,1005.0,0.075,0.0127,0.095,0.2252,246.0,0.0,0,,,,,routine_benign,0,3,2,0,0,4,4,1,2,0
txn_0d43348b5dcd,24.5,0.0648,3,0,0.0,0.0,1.0,0.0,0.0,0.0,0.0,0.0,0.0,0.0,1440.0,134.0,499.0,0.0137,82.66,1582.0,0.0269,0.0128,0.1192,0.2252,246.0,0.0,0,,,,,routine_benign,1,1,0,0,0,0,0,5,3,0
txn_514d04cfee34,17.73,0.2038,11,0,3.0,2.0,4.0,0.0,0.0,0.0,0.0,0.0,63.0433,0.7188,98.0,445.0,499.0,0.0137,82.66,2446.0,0.0182,0.0129,0.0251,0.2252,246.0,0.0,0,,,,,routine_benign,2,3,1,0,0,4,4,1,2,0
txn_7d9beb629c33,89.81,0.0767,3,0,1.0,0.0,2.0,0.0,0.0,1.0,1.0,0.0,24.5,2.6657,14.0,14.0,499.0,0.0137,82.66,2175.0,0.0683,0.0117,0.2308,0.2252,246.0,0.0,0,,,,,routine_benign,3,2,2,0,0,0,0,4,0,0
txn_647bb2cf8744,74.82,0.2594,9,0,2.0,2.0,1.0,0.0,0.0,0.0,1.0,0.0,57.155,0.3091,357.0,49.0,499.0,0.0137,82.66,1550.0,0.0458,0.0127,0.3338,0.1041,609.0,1.0,0,,,,,routine_benign,0,2,0,0,0,5,5,6,1,0
txn_a97bc4d8dc46,257.72,0.3979,10,0,1.0,4.0,2.0,0.0,0.0,0.0,1.0,0.0,13.31,18.3629,66.0,17.0,1084.0,0.0617,196.53,1778.0,0.0566,0.0058,0.1487,0.1041,609.0,1.0,0,,,,,atypical_benign,3,2,1,0,0,4,4,2,3,0
txn_0be016d32a6f,36.58,0.2724,12,1,2.0,4.0,3.0,0.0,0.0,0.0,0.0,0.0,135.515,0.7301,128.0,128.0,1084.0,0.0617,196.53,120.0,0.0678,0.0043,0.1781,0.1041,609.0,1.0,0,,,,,atypical_benign,4,2,1,0,0,5,3,2,1,0
txn_021214af5608,30.57,0.6542,13,0,3.0,3.0,4.0,0.0,0.0,0.0,0.0,0.0,102.5367,0.7019,96.0,96.0,1084.0,0.0617,196.53,2617.0,0.075,0.0062,0.2081,0.1041,609.0,1.0,0,,,,,atypical_benign,4,3,1,0,0,4,4,2,3,0
txn_45a2c701897f,13.31,0.2919,9,0,0.0,4.0,0.0,0.0,0.0,0.0,0.0,0.0,0.0,0.0,1440.0,1440.0,1084.0,0.0617,196.53,2377.0,0.0442,0.0108,0.2707,0.1041,609.0,1.0,0,,,,,routine_benign,0,2,2,0,0,1,1,2,0,0
txn_5fb8d79233bc,28.34,0.2175,10,0,1.0,3.0,2.0,0.0,0.0,0.0,0.0,0.0,4.22,5.7156,148.0,148.0,1103.0,0.0289,66.07,4064.0,0.0167,0.0099,0.1492,0.0917,1095.0,0.0,0,,,,,routine_benign,3,2,2,0,0,5,5,0,0,0
txn_3c678bd1e6a1,4.22,0.253,8,0,0.0,2.0,1.0,0.0,0.0,0.0,0.0,0.0,0.0,0.0,1440.0,360.0,1103.0,0.0289,66.07,4662.0,0.0104,0.0103,0.143,0.0917,1095.0,0.0,0,,,,,routine_benign,4,1,2,0,0,1,1,0,0,0
txn_1bfee964b975,49.63,0.0754,16,0,3.0,5.0,4.0,0.0,1.0,0.0,0.0,0.0,27.2033,0.8244,148.0,148.0,1103.0,0.0289,66.07,4560.0,0.02,0.0138,0.1861,0.0917,1095.0,0.0,0,,,,,routine_benign,1,2,1,0,0,4,4,5,2,0
txn_5a31c13e3187,49.05,0.3518,14,0,2.0,5.0,3.0,0.0,0.0,0.0,0.0,0.0,16.28,2.0129,220.0,220.0,1103.0,0.0289,66.07,4271.0,0.0147,0.0049,0.0546,0.0917,1095.0,0.0,0,,,,,routine_benign,0,0,2,0,0,4,4,5,0,0
txn_3fa8fbffffb2,36.21,0.3481,2,0,0.0,0.0,0.0,0.0,0.0,0.0,0.0,0.0,0.0,0.0,1440.0,1440.0,2664.0,0.0246,201.79,387.0,0.0134,0.0034,0.2005,0.0917,1095.0,0.0,0,,,,,routine_benign,0,2,2,0,0,0,0,6,2,0
txn_8f343d723f44,19.82,0.2365,9,0,2.0,2.0,1.0,0.0,0.0,0.0,0.0,0.0,196.23,0.899,444.0,444.0,2664.0,0.0246,201.79,2209.0,0.0528,0.0077,0.1486,0.2179,429.0,0.0,0,,,,,routine_benign,0,1,0,0,0,1,1,4,2,0
txn_6a35467d1187,44.09,0.3029,13,0,3.0,3.0,3.0,0.0,1.0,0.0,0.0,0.0,137.4267,0.6792,197.0,110.0,2664.0,0.0246,201.79,3498.0,0.0196,0.0118,0.3356,0.2179,429.0,0.0,0,,,,,routine_benign,1,1,1,0,0,4,4,1,1,0
txn_be73b40cb343,356.25,0.5671,2,0,1.0,0.0,0.0,0.0,0.0,1.0,0.0,0.0,36.21,8.8384,9.0,1440.0,2664.0,0.0246,201.79,1154.0,0.0206,0.0065,0.0163,0.2179,429.0,0.0,0,,,,,atypical_benign,4,0,0,0,0,5,5,6,1,0
txn_02554bd62c37,16.97,0.1538,11,0,1.0,2.0,2.0,0.0,1.0,0.0,0.0,0.0,4.87,2.4846,222.0,87.0,649.0,0.0053,150.1,2774.0,0.0263,0.002,0.2147,0.2179,429.0,0.0,0,,,,,routine_benign,1,2,0,0,0,4,4,4,2,0
txn_bb75329684d3,35.39,0.1601,17,0,3.0,3.0,4.0,0.0,1.0,1.0,0.0,0.0,13.04,1.714,7.0,296.0,649.0,0.0053,150.1,1005.0,0.075,0.0127,0.095,0.2179,429.0,0.0,0,,,,,routine_benign,2,2,0,0,0,5,5,2,3,0
txn_a93335b3161b,4.87,0.0495,7,0,0.0,3.0,0.0,0.0,0.0,0.0,0.0,0.0,0.0,0.0,1440.0,1440.0,649.0,0.0053,150.1,1582.0,0.0269,0.0128,0.1192,0.0446,145.0,0.0,0,,,,,routine_benign,3,3,1,0,0,2,2,4,2,0
txn_c25311afe541,17.28,0.2453,17,0,2.0,3.0,2.0,0.0,0.0,0.0,1.0,0.0,10.92,0.5824,399.0,45.0,649.0,0.0053,150.1,2446.0,0.0182,0.0129,0.0251,0.0446,145.0,0.0,0,,,,,routine_benign,1,1,2,0,0,0,0,4,2,0
txn_15f3aff2b3fc,32.55,0.1047,19,0,1.0,6.0,3.0,0.0,0.0,0.0,0.0,0.0,65.57,0.5036,170.0,125.0,1928.0,0.0169,189.36,2175.0,0.0683,0.0117,0.2308,0.0446,145.0,0.0,0,,,,,routine_benign,2,2,0,0,0,1,1,5,2,0
txn_a9d410ef75c2,9.22,0.3309,21,0,3.0,5.0,4.0,0.0,0.0,1.0,0.0,0.0,47.27,0.805,7.0,76.0,1928.0,0.0169,189.36,1550.0,0.0458,0.0127,0.3338,0.0446,145.0,0.0,0,,,,,routine_benign,1,0,1,0,0,5,5,0,2,0
txn_d203dd29e394,65.57,0.0708,17,0,0.0,6.0,1.0,0.0,0.0,0.0,0.0,0.0,0.0,0.0,1440.0,576.0,1928.0,0.0169,189.36,1778.0,0.0566,0.0058,0.1487,0.0446,145.0,0.0,0,,,,,routine_benign,0,1,1,0,0,0,0,1,2,0
txn_538e819bea67,43.69,0.3093,21,0,2.0,7.0,3.0,0.0,0.0,0.0,1.0,0.0,49.06,0.1095,69.0,26.0,1928.0,0.0169,189.36,120.0,0.0678,0.0043,0.1781,0.1696,972.0,0.0,0,,,,,routine_benign,1,2,1,0,0,5,5,6,3,0
txn_98afcd2773d8,113.52,0.5212,23,0,3.0,5.0,4.0,0.0,1.0,0.0,0.0,0.0,32.1333,2.5328,161.0,135.0,2335.0,0.0065,193.28,2617.0,0.075,0.0062,0.2081,0.1696,972.0,0.0,0,,,,,atypical_benign,4,3,0,0,0,3,3,6,1,0
txn_2bab029a29b2,35.62,0.1719,10,0,1.0,5.0,1.0,0.0,1.0,0.0,0.0,0.0,12.99,1.7421,337.0,337.0,2335.0,0.0065,193.28,2377.0,0.0442,0.0108,0.2707,0.1696,972.0,0.0,0,,,,,atypical_benign,2,1,0,0,0,4,4,1,2,0
txn_2f37c49f4419,12.99,0.2819,4,0,0.0,1.0,0.0,0.0,0.0,0.0,0.0,0.0,0.0,0.0,1440.0,1440.0,2335.0,0.0065,193.28,4064.0,0.0167,0.0099,0.1492,0.1696,972.0,0.0,0,,,,,routine_benign,4,3,1,0,0,5,5,6,1,0
txn_8c3e1655c976,47.79,0.0956,20,0,2.0,5.0,2.0,0.0,0.0,0.0,0.0,0.0,24.305,0.9663,612.0,612.0,2335.0,0.0065,193.28,4662.0,0.0104,0.0103,0.143,0.1696,972.0,0.0,0,,,,,routine_benign,4,2,2,0,0,3,3,0,3,0
txn_b1b724fe5639,28.84,0.3509,4,0,0.0,1.0,0.0,0.0,0.0,0.0,0.0,0.0,0.0,0.0,1440.0,1440.0,1624.0,0.0104,277.13,4560.0,0.02,0.0138,0.1861,0.1254,1194.0,0.0,0,,,,,routine_benign,1,3,0,0,0,0,0,2,1,0
txn_081a5a3030c1,13.58,0.0534,6,0,1.0,2.0,1.0,0.0,0.0,0.0,0.0,0.0,28.84,0.5291,126.0,126.0,1624.0,0.0104,277.13,4271.0,0.0147,0.0049,0.0546,0.1254,1194.0,0.0,0,,,,,routine_benign,4,1,1,0,0,4,4,1,2,0
txn_0faf09079e6a,17.97,0.0587,18,0,2.0,6.0,2.0,0.0,0.0,0.0,0.0,0.0,21.21,0.1528,750.0,750.0,1624.0,0.0104,277.13,387.0,0.0134,0.0034,0.2005,0.1254,1194.0,0.0,0,,,,,routine_benign,3,0,0,0,0,5,5,1,1,0
txn_ec1ef713f062,98.2,0.3467,0,0,3.0,7.0,3.0,0.0,1.0,0.0,0.0,0.0,20.13,3.8783,333.0,333.0,1624.0,0.0104,277.13,2209.0,0.0528,0.0077,0.1486,0.1254,1194.0,0.0,0,,,,,routine_benign,1,0,1,0,0,4,4,1,3,0
txn_671e326616c9,67.67,0.3022,0,0,2.0,6.0,4.0,0.0,1.0,0.0,1.0,0.0,25.135,1.6923,746.0,23.0,534.0,0.0438,109.12,3498.0,0.0196,0.0118,0.3356,0.1254,1194.0,0.0,0,,,,,atypical_benign,3,3,0,0,0,3,3,0,2,0
txn_ea9e5bfc2332,20.58,0.0215,2,0,3.0,8.0,4.0,0.0,0.0,0.0,0.0,0.0,39.3133,0.4765,88.0,834.0,534.0,0.0438,109.12,1154.0,0.0206,0.0065,0.0163,0.081,196.0,0.0,0,,,,,routine_benign,2,0,2,0,0,2,2,6,1,0
txn_51b8ef71e6e5,37.32,0.1155,12,0,1.0,3.0,3.0,0.0,0.0,0.0,1.0,0.0,12.95,1.8819,458.0,36.0,534.0,0.0438,109.12,2774.0,0.0263,0.002,0.2147,0.081,196.0,0.0,0,,,,,routine_benign,2,2,1,0,0,1,1,1,2,0
txn_8bb0a34b5523,12.95,0.1827,4,0,0.0,2.0,0.0,0.0,0.0,0.0,0.0,0.0,0.0,0.0,1440.0,1440.0,534.0,0.0438,109.12,1005.0,0.075,0.0127,0.095,0.081,196.0,0.0,0,,,,,routine_benign,4,3,1,0,0,4,4,6,3,0
txn_285586801d2b,13.01,0.2997,6,0,0.0,2.0,1.0,0.0,0.0,0.0,0.0,0.0,0.0,0.0,1440.0,140.0,559.0,0.0303,212.55,1582.0,0.0269,0.0128,0.1192,0.081,196.0,0.0,0,,,,,routine_benign,3,1,1,0,0,2,2,4,1,0
txn_05ba86a187e0,370.99,0.2074,11,0,3.0,1.0,2.0,0.0,0.0,0.0,0.0,0.0,22.2267,15.6912,122.0,282.0,559.0,0.0303,212.55,2446.0,0.0182,0.0129,0.0251,0.081,196.0,0.0,0,,,,,atypical_benign,3,1,0,0,0,4,4,1,0,0
txn_5990bfe9d5b2,46.13,0.3532,9,1,1.0,5.0,1.0,0.0,0.0,0.0,0.0,0.0,13.01,2.5457,152.0,122.0,559.0,0.0303,212.55,2175.0,0.0683,0.0117,0.2308,0.1015,42.0,1.0,0,,,,,atypical_benign,4,0,2,0,0,3,1,3,3,0
txn_f3b61b2f5266,7.54,0.3339,9,0,2.0,1.0,2.0,0.0,0.0,1.0,1.0,0.0,29.57,0.745,8.0,8.0,559.0,0.0303,212.55,1550.0,0.0458,0.0127,0.3338,0.1015,42.0,1.0,0,,,,,routine_benign,4,2,1,0,0,3,3,0,2,0
txn_b8d456317a78,7.89,0.4725,9,0,1.0,3.0,3.0,0.0,0.0,0.0,2.0,0.0,38.61,0.7956,138.0,8.0,1852.0,0.0467,249.33,1778.0,0.0566,0.0058,0.1487,0.1015,42.0,1.0,0,,,,,atypical_benign,1,3,0,0,0,2,2,2,0,0
txn_26c5e887a9d2,38.61,0.1679,7,0,0.0,2.0,0.0,0.0,0.0,0.0,0.0,0.0,0.0,0.0,1440.0,1440.0,1852.0,0.0467,249.33,120.0,0.0678,0.0043,0.1781,0.1015,42.0,1.0,0,,,,,routine_benign,0,1,1,0,0,4,4,2,1,0
txn_cd103919889e,18.44,0.3193,6,0,3.0,7.0,4.0,0.0,1.0,0.0,0.0,0.0,34.9967,0.4731,725.0,1274.0,1852.0,0.0467,249.33,2617.0,0.075,0.0062,0.2081,0.1015,42.0,1.0,0,,,,,routine_benign,2,1,1,0,0,4,4,4,3,0
txn_c48f5216c759,58.49,0.1139,18,0,2.0,6.0,3.0,0.0,0.0,0.0,0.0,0.0,23.25,1.5157,549.0,61.0,1852.0,0.0467,249.33,2377.0,0.0442,0.0108,0.2707,0.0706,1159.0,0.0,0,,,,,routine_benign,2,1,0,0,0,2,2,6,0,0
txn_d50526e09904,67.21,0.2585,17,0,2.0,4.0,2.0,0.0,0.0,0.0,0.0,0.0,24.92,1.697,195.0,195.0,2036.0,0.0552,278.12,4064.0,0.0167,0.0099,0.1492,0.0706,1159.0,0.0,0,,,,,routine_benign,3,0,1,0,0,3,3,2,1,0
txn_897a96b96c9c,80.91,0.1031,5,0,3.0,8.0,4.0,0.0,1.0,0.0,0.0,0.0,39.0167,1.0737,707.0,646.0,2036.0,0.0552,278.12,4662.0,0.0104,0.0103,0.143,0.0706,1159.0,0.0,0,,,,,routine_benign,1,1,2,0,0,0,0,2,2,0
txn_eb9849d0c54e,38.08,0.1631,9,1,0.0,3.0,0.0,0.0,0.0,0.0,0.0,0.0,0.0,0.0,1440.0,1440.0,2036.0,0.0552,278.12,4560.0,0.02,0.0138,0.1861,0.0706,1159.0,0.0,0,,,,,atypical_benign,1,3,0,0,0,4,3,5,1,0
txn_3456166978fc,11.76,0.2834,14,0,1.0,6.0,1.0,0.0,0.0,0.0,0.0,0.0,38.08,0.6912,323.0,323.0,2036.0,0.0552,278.12,4271.0,0.0147,0.0049,0.0546,0.0706,1159.0,0.0,0,,,,,routine_benign,1,1,2,0,0,1,1,4,1,0
txn_1a0580abfe31,21.3,0.0924,20,0,2.0,7.0,3.0,0.0,1.0,0.0,1.0,0.0,64.73,0.6709,619.0,24.0,389.0,0.0501,78.2,387.0,0.0134,0.0034,0.2005,0.218,1333.0,1.0,0,,,,,routine_benign,0,0,1,0,0,1,1,5,2,0
txn_f3f47474f676,26.86,0.1868,4,0,3.0,8.0,4.0,0.0,0.0,0.0,0.0,0.0,50.2533,0.4655,501.0,501.0,389.0,0.0501,78.2,2209.0,0.0528,0.0077,0.1486,0.218,1333.0,1.0,0,,,,,routine_benign,0,3,0,0,0,3,3,6,1,0
txn_55865b05139a,91.07,0.1848,6,0,0.0,1.0,0.0,0.0,0.0,0.0,0.0,0.0,0.0,0.0,1440.0,1440.0,389.0,0.0501,78.2,3498.0,0.0196,0.0118,0.3356,0.218,1333.0,1.0,0,,,,,routine_benign,4,1,1,0,0,3,3,0,2,0
txn_f0f87d95747a,38.39,0.2736,9,0,1.0,3.0,1.0,0.0,0.0,0.0,0.0,0.0,91.07,0.5785,171.0,171.0,389.0,0.0501,78.2,1154.0,0.0206,0.0065,0.0163,0.218,1333.0,1.0,0,,,,,routine_benign,4,1,0,0,0,5,5,6,1,0
txn_74515c90dd5b,401.63,0.379,19,0,0.0,4.0,2.0,0.0,0.0,0.0,0.0,0.0,0.0,0.0,1440.0,595.0,615.0,0.006,94.95,2774.0,0.0263,0.002,0.2147,0.218,1333.0,1.0,0,,,,,atypical_benign,3,1,0,0,1,1,1,6,1,2
txn_f75903d065ec,13.36,0.3564,1,0,1.0,5.0,2.0,0.0,0.0,0.0,1.0,1.0,401.63,0.9667,354.0,34.0,615.0,0.006,94.95,1005.0,0.075,0.0127,0.095,0.0339,551.0,0.0,0,,,,,routine_benign,2,2,0,0,0,3,3,3,0,0
txn_39807357649d,20.17,0.0598,6,0,2.0,6.0,3.0,0.0,0.0,0.0,0.0,1.0,207.495,0.9028,276.0,276.0,615.0,0.006,94.95,1582.0,0.0269,0.0128,0.1192,0.0339,551.0,0.0,0,,,,,routine_benign,4,3,0,0,0,3,3,2,3,0
txn_436c2fa74157,8.76,0.1332,6,0,3.0,5.0,4.0,0.0,0.0,1.0,1.0,1.0,145.0533,0.9396,21.0,21.0,615.0,0.006,94.95,2446.0,0.0182,0.0129,0.0251,0.0339,551.0,0.0,0,,,,,routine_benign,3,1,0,0,0,1,1,3,3,0
txn_c70aa7ae15ec,168.3,0.297,0,0,2.0,8.0,1.0,0.0,0.0,0.0,0.0,0.0,21.09,6.9801,695.0,695.0,1523.0,0.024,205.22,2175.0,0.0683,0.0117,0.2308,0.0339,551.0,0.0,0,,,,,routine_benign,1,2,0,0,0,1,1,6,1,0
txn_5757ba4b3a50,21.9,0.2615,13,0,1.0,4.0,0.0,0.0,0.0,0.0,0.0,0.0,20.28,0.0799,73.0,1440.0,1523.0,0.024,205.22,1550.0,0.0458,0.0127,0.3338,0.0339,551.0,0.0,0,,,,,routine_benign,0,0,2,0,0,5,5,3,3,0
txn_4044646a99f2,22.39,0.646,6,1,3.0,7.0,4.0,0.0,0.0,0.0,1.0,0.0,70.16,0.6809,304.0,14.0,1523.0,0.024,205.22,1778.0,0.0566,0.0058,0.1487,0.0669,788.0,1.0,0,,,,,atypical_benign,3,3,1,0,0,4,1,6,1,0
txn_ca4ee5522378,20.28,0.0373,12,0,0.0,3.0,1.0,0.0,0.0,0.0,0.0,0.0,0.0,0.0,1440.0,263.0,1523.0,0.024,205.22,120.0,0.0678,0.0043,0.1781,0.0669,788.0,1.0,0,,,,,routine_benign,4,3,2,0,0,5,5,1,2,0
txn_e3f13e23a7a7,13.11,0.1284,13,0,1.0,2.0,2.0,0.0,0.0,0.0,0.0,0.0,20.8,0.3697,363.0,100.0,2910.0,0.0757,234.61,2617.0,0.075,0.0062,0.2081,0.0669,788.0,1.0,0,,,,,routine_benign,1,1,2,0,0,3,3,0,1,0
txn_6d07d5787550,20.8,0.3312,7,0,0.0,1.0,0.0,0.0,0.0,0.0,0.0,0.0,0.0,0.0,1440.0,1440.0,2910.0,0.0757,234.61,2377.0,0.0442,0.0108,0.2707,0.0669,788.0,1.0,0,,,,,routine_benign,2,2,1,0,0,3,3,1,1,0
txn_ad23827c7d08,22.66,0.1974,5,0,2.0,6.0,3.0,0.0,0.0,0.0,0.0,0.0,16.955,0.3365,958.0,958.0,2910.0,0.0757,234.61,4064.0,0.0167,0.0099,0.1492,0.0669,788.0,1.0,0,,,,,routine_benign,2,3,1,0,0,3,3,2,2,0
txn_49e71e0f3e65,17.27,0.0224,15,0,3.0,9.0,4.0,0.0,1.0,0.0,0.0,0.0,18.8567,0.0841,589.0,1017.0,2910.0,0.0757,234.61,4662.0,0.0104,0.0103,0.143,0.1736,1461.0,1.0,0,,,,,routine_benign,1,0,1,0,0,1,1,4,0,0
txn_fc152f911e82,15.01,0.2015,16,0,1.0,4.0,1.0,0.0,0.0,0.0,0.0,0.0,22.73,0.3396,666.0,666.0,787.0,0.0698,81.82,4560.0,0.02,0.0138,0.1861,0.1736,1461.0,1.0,0,,,,,routine_benign,0,3,0,0,0,2,2,3,1,0
txn_3836d51a99fa,18.92,0.0443,22,0,3.0,7.0,3.0,0.0,0.0,0.0,0.0,0.0,19.6267,0.036,269.0,269.0,787.0,0.0698,81.82,4271.0,0.0147,0.0049,0.0546,0.1736,1461.0,1.0,0,,,,,routine_benign,2,0,2,0,0,1,1,5,3,0
txn_1d10e21b9d41,22.73,0.2536,4,0,0.0,2.0,0.0,0.0,0.0,0.0,0.0,0.0,0.0,0.0,1440.0,1440.0,787.0,0.0698,81.82,387.0,0.0134,0.0034,0.2005,0.1736,1461.0,1.0,0,,,,,routine_benign,1,2,2,0,0,3,3,6,1,0
txn_59f655b26c10,21.14,0.2194,18,0,2.0,5.0,2.0,0.0,0.0,0.0,0.0,0.0,18.87,0.1203,129.0,129.0,787.0,0.0698,81.82,2209.0,0.0528,0.0077,0.1486,0.1736,1461.0,1.0,0,,,,,routine_benign,2,2,0,0,0,3,3,5,2,0
txn_c2f370ed4f58,15.78,0.6203,16,0,0.0,4.0,0.0,0.0,0.0,0.0,0.0,0.0,0.0,0.0,1440.0,1440.0,2984.0,0.0589,151.62,3498.0,0.0196,0.0118,0.3356,0.2332,483.0,1.0,0,,,,,atypical_benign,2,1,0,0,1,5,5,1,0,1
txn_038846d30fe6,13.33,0.1302,9,0,2.0,9.0,2.0,0.0,0.0,0.0,0.0,1.0,53.7,0.7518,784.0,784.0,2984.0,0.0589,151.62,1154.0,0.0206,0.0065,0.0163,0.2332,483.0,1.0,0,,,,,routine_benign,4,3,0,0,0,1,1,2,2,0
txn_be66dc8531dc,67.25,0.226,18,0,3.0,6.0,3.0,0.0,0.0,0.0,0.0,0.0,40.2433,0.6711,530.0,530.0,2984.0,0.0589,151.62,2774.0,0.0263,0.002,0.2147,0.2332,483.0,1.0,0,,,,,routine_benign,2,3,2,0,0,1,1,6,2,0
txn_244ab69dae86,91.62,0.3497,20,0,1.0,4.0,1.0,0.0,0.0,0.0,0.0,1.0,15.78,4.8061,236.0,236.0,2984.0,0.0589,151.62,1005.0,0.075,0.0127,0.095,0.2332,483.0,1.0,0,,,,,routine_benign,4,2,0,0,0,4,4,2,1,0
txn_aba2e6b8b5ca,52.54,0.0888,19,0,3.0,9.0,4.0,0.0,0.0,0.0,1.0,0.0,15.56,2.3766,567.0,50.0,2984.0,0.022,54.18,1582.0,0.0269,0.0128,0.1192,0.2332,483.0,1.0,0,,,,,routine_benign,0,3,0,0,0,2,2,3,2,0
txn_22dcff59197d,19.22,0.2767,0,0,1.0,4.0,3.0,0.0,1.0,0.0,0.0,0.0,12.4,0.55,1046.0,598.0,2984.0,0.022,54.18,2446.0,0.0182,0.0129,0.0251,0.2457,1361.0,0.0,0,,,,,routine_benign,1,3,0,0,0,3,3,3,2,0
txn_85233cf5e620,12.4,0.1356,7,0,0.0,2.0,1.0,0.0,0.0,0.0,0.0,0.0,0.0,0.0,1440.0,100.0,2984.0,0.022,54.18,2175.0,0.0683,0.0117,0.2308,0.2457,1361.0,0.0,0,,,,,routine_benign,0,3,1,0,0,1,1,2,3,0
txn_103fc600014a,15.06,0.0894,9,0,2.0,7.0,4.0,0.0,0.0,0.0,0.0,0.0,15.81,0.0474,563.0,563.0,2984.0,0.022,54.18,1550.0,0.0458,0.0127,0.3338,0.2457,1361.0,0.0,0,,,,,routine_benign,2,2,1,0,0,5,5,6,2,0
txn_009bb3f8413d,19.76,0.2471,5,0,0.0,1.0,0.0,0.0,0.0,0.0,0.0,0.0,0.0,0.0,1440.0,1440.0,586.0,0.0161,49.12,1778.0,0.0566,0.0058,0.1487,0.2457,1361.0,0.0,0,,,,,routine_benign,3,3,2,0,0,5,5,5,1,0
txn_39164fe80344,19.33,0.0329,14,0,1.0,5.0,2.0,0.0,0.0,0.0,0.0,0.0,19.76,0.0218,548.0,448.0,586.0,0.0161,49.12,120.0,0.0678,0.0043,0.1781,0.2457,1361.0,0.0,0,,,,,routine_benign,1,0,0,0,0,1,1,1,1,0
txn_eaa1bbb34701,17.57,0.0953,16,0,3.0,8.0,3.0,0.0,2.0,0.0,0.0,0.0,32.3167,0.4563,533.0,533.0,586.0,0.0161,49.12,2617.0,0.075,0.0062,0.2081,0.1444,1450.0,1.0,0,,,,,routine_benign,0,3,2,0,0,5,5,1,0,0
txn_431582fcc745,57.86,0.0511,7,0,2.0,7.0,2.0,0.0,1.0,0.0,0.0,0.0,19.545,1.9603,1015.0,519.0,586.0,0.0161,49.12,2377.0,0.0442,0.0108,0.2707,0.1444,1450.0,1.0,0,,,,,routine_benign,1,1,1,0,0,4,4,1,3,0
txn_8251b3081647,92.53,0.2986,22,0,3.0,8.0,4.0,0.0,1.0,0.0,0.0,0.0,17.99,4.1434,1432.0,380.0,2620.0,0.0462,90.77,4064.0,0.0167,0.0099,0.1492,0.1444,1450.0,1.0,0,,,,,routine_benign,0,2,0,0,0,1,1,6,3,0
txn_1be082c9b288,5.04,0.2693,13,0,1.0,4.0,0.0,0.0,1.0,0.0,0.0,0.0,11.77,0.5718,331.0,1440.0,2620.0,0.0462,90.77,4662.0,0.0104,0.0103,0.143,0.1444,1450.0,1.0,0,,,,,routine_benign,4,2,0,0,0,4,4,1,2,0
txn_4dcd3bf4b08c,37.16,0.6503,22,0,2.0,6.0,1.0,0.0,0.0,0.0,0.0,0.0,8.405,3.4212,577.0,577.0,2620.0,0.0462,90.77,4560.0,0.02,0.0138,0.1861,0.1444,1450.0,1.0,0,,,,,atypical_benign,4,3,0,0,0,4,4,3,0,0
txn_57634c0c35f3,11.77,0.6373,7,0,0.0,3.0,0.0,0.0,0.0,0.0,0.0,0.0,0.0,0.0,1440.0,1440.0,2620.0,0.0462,90.77,4271.0,0.0147,0.0049,0.0546,0.1724,1176.0,0.0,0,,,,,atypical_benign,4,1,0,0,0,2,2,6,2,0
txn_9e994cec113a,15.07,0.6503,13,1,0.0,5.0,1.0,0.0,0.0,0.0,0.0,0.0,0.0,0.0,1440.0,352.0,2088.0,0.0682,145.41,387.0,0.0134,0.0034,0.2005,0.1724,1176.0,0.0,0,,,,,atypical_benign,1,3,0,0,1,1,0,0,3,1
txn_11f96a696d81,25.99,0.269,13,0,1.0,4.0,2.0,0.0,0.0,1.0,1.0,1.0,15.07,0.7246,7.0,7.0,2088.0,0.0682,145.41,2209.0,0.0528,0.0077,0.1486,0.1724,1176.0,0.0,0,,,,,routine_benign,3,1,0,0,0,4,4,0,0,0
txn_939d02268f00,67.14,0.3167,3,0,3.0,7.0,4.0,0.0,2.0,0.0,0.0,1.0,34.0867,0.9697,343.0,343.0,2088.0,0.0682,145.41,3498.0,0.0196,0.0118,0.3356,0.1724,1176.0,0.0,0,,,,,routine_benign,2,0,1,0,0,5,5,5,0,0
txn_2ab46c6464c3,61.2,0.2008,21,0,2.0,6.0,3.0,0.0,0.0,0.0,0.0,1.0,20.53,1.981,490.0,490.0,2088.0,0.0682,145.41,1154.0,0.0206,0.0065,0.0163,0.1724,1176.0,0.0,0,,,,,routine_benign,2,0,2,0,0,3,3,1,0,0
txn_34366d1d4327,6.51,0.05,6,0,0.0,5.0,1.0,0.0,0.0,0.0,0.0,0.0,0.0,0.0,1440.0,1304.0,2199.0,0.0774,200.09,2774.0,0.0263,0.002,0.2147,0.1642,926.0,0.0,0,,,,,routine_benign,2,0,2,0,0,0,0,6,2,0
txn_1df44eef3737,30.21,0.0838,8,0,1.0,7.0,2.0,0.0,2.0,0.0,0.0,0.0,6.51,3.6406,136.0,136.0,2199.0,0.0774,200.09,1005.0,0.075,0.0127,0.095,0.1642,926.0,0.0,0,,,,,routine_benign,2,3,0,0,0,4,4,3,2,0
txn_bd35eae52405,22.69,0.1152,18,0,2.0,8.0,3.0,0.0,0.0,0.0,0.0,0.0,18.36,0.2358,626.0,626.0,2199.0,0.0774,200.09,1582.0,0.0269,0.0128,0.1192,0.1642,926.0,0.0,0,,,,,routine_benign,2,2,1,0,0,0,0,4,3,0
txn_dfcf6731a813,51.55,0.2063,1,0,3.0,7.0,4.0,0.0,1.0,0.0,0.0,0.0,19.8033,1.6031,390.0,390.0,2199.0,0.0774,200.09,2446.0,0.0182,0.0129,0.0251,0.1642,926.0,0.0,0,,,,,routine_benign,1,2,2,0,0,4,4,5,3,0
txn_1a6ce6b4599f,42.68,0.2256,8,0,0.0,4.0,0.0,0.0,0.0,0.0,0.0,0.0,0.0,0.0,1440.0,1440.0,2416.0,0.0695,242.42,2175.0,0.0683,0.0117,0.2308,0.1642,926.0,0.0,0,,,,,routine_benign,0,3,0,0,0,1,1,5,2,0
txn_03ddc1eee0b9,48.64,0.2279,12,0,1.0,3.0,0.0,0.0,0.0,0.0,0.0,0.0,42.68,0.1396,254.0,1440.0,2416.0,0.0695,242.42,1550.0,0.0458,0.0127,0.3338,0.1347,122.0,0.0,0,,,,,routine_benign,3,1,2,0,0,1,1,4,0,0
txn_57bbec5397ac,33.42,0.3366,13,0,2.0,9.0,2.0,0.0,0.0,0.0,0.0,0.0,45.66,0.2681,1518.0,860.0,2416.0,0.0695,242.42,1778.0,0.0566,0.0058,0.1487,0.1347,122.0,0.0,0,,,,,atypical_benign,0,0,2,0,0,0,0,2,1,0
txn_da2430faf7c0,18.55,0.0628,14,0,3.0,9.0,3.0,0.0,1.0,1.0,1.0,0.0,41.58,0.5539,18.0,18.0,2416.0,0.0695,242.42,120.0,0.0678,0.0043,0.1781,0.1347,122.0,0.0,0,,,,,routine_benign,3,0,0,0,0,4,4,5,0,0
txn_0262f8b6a538,11.21,0.1476,23,0,1.0,6.0,1.0,0.0,1.0,0.0,0.0,0.0,20.36,0.4494,753.0,658.0,577.0,0.0361,77.3,2617.0,0.075,0.0062,0.2081,0.1347,122.0,0.0,0,,,,,routine_benign,1,0,1,0,0,5,5,6,2,0
txn_5d9aae6d48f3,15.35,0.3573,21,0,2.0,8.0,4.0,0.0,2.0,0.0,0.0,0.0,15.785,0.0276,1301.0,423.0,577.0,0.0361,77.3,2377.0,0.0442,0.0108,0.2707,0.1347,122.0,0.0,0,,,,,routine_benign,2,2,0,0,0,4,4,6,2,0
txn_f54beb5a48af,12.92,0.201,1,0,3.0,10.0,4.0,0.0,0.0,0.0,0.0,0.0,15.64,0.1739,281.0,1010.0,577.0,0.0361,77.3,4064.0,0.0167,0.0099,0.1492,0.1878,147.0,0.0,0,,,,,routine_benign,2,0,1,0,0,0,0,5,1,0
txn_c6fcf4706f8b,20.36,0.2366,10,0,0.0,3.0,0.0,0.0,0.0,0.0,0.0,0.0,0.0,0.0,1440.0,1440.0,577.0,0.0361,77.3,4662.0,0.0104,0.0103,0.143,0.1878,147.0,0.0,0,,,,,routine_benign,1,2,1,0,0,3,3,5,1,0
txn_5f15d79ceaf2,22.3,0.2173,9,0,2.0,8.0,3.0,0.0,1.0,0.0,0.0,0.0,66.925,0.6668,517.0,517.0,1390.0,0.0716,132.57,4560.0,0.02,0.0138,0.1861,0.1878,147.0,0.0,0,,,,,routine_benign,3,0,2,0,0,4,4,2,3,0
txn_02ec024b109a,106.05,0.3513,0,0,1.0,8.0,2.0,0.0,1.0,0.0,0.0,0.0,27.8,2.8147,659.0,659.0,1390.0,0.0716,132.57,4271.0,0.0147,0.0049,0.0546,0.1878,147.0,0.0,0,,,,,routine_benign,4,1,2,0,0,5,5,1,2,0
txn_491b00c923a0,27.8,0.1399,13,0,0.0,4.0,1.0,0.0,0.0,0.0,0.0,0.0,0.0,0.0,1440.0,149.0,1390.0,0.0716,132.57,387.0,0.0134,0.0034,0.2005,0.1878,147.0,0.0,0,,,,,routine_benign,1,2,1,0,0,3,3,1,2,0
txn_4665d749fe90,27.88,0.6467,6,0,3.0,10.0,3.0,0.0,0.0,0.0,0.0,0.0,52.05,0.4644,1260.0,480.0,1390.0,0.0716,132.57,2209.0,0.0528,0.0077,0.1486,0.1547,325.0,1.0,0,,,,,atypical_benign,4,1,1,0,0,2,2,2,2,0
txn_9952d7d37e73,20.51,0.173,18,0,0.0,5.0,0.0,0.0,0.0,0.0,0.0,0.0,0.0,0.0,1440.0,1440.0,2458.0,0.0145,175.95,3498.0,0.0196,0.0118,0.3356,0.1547,325.0,1.0,0,,,,,routine_benign,3,0,2,0,0,1,1,4,3,0
txn_d58b20baf551,75.46,0.1497,20,0,1.0,5.0,1.0,0.0,0.0,0.0,0.0,0.0,20.51,2.6792,145.0,145.0,2458.0,0.0145,175.95,1154.0,0.0206,0.0065,0.0163,0.1547,325.0,1.0,0,,,,,routine_benign,3,2,2,0,0,1,1,0,3,0
txn_04fda7ea21e3,73.52,0.0346,22,0,2.0,8.0,2.0,0.0,0.0,0.0,0.0,0.0,47.985,0.5321,1527.0,1527.0,2458.0,0.0145,175.95,2774.0,0.0263,0.002,0.2147,0.1547,325.0,1.0,0,,,,,routine_benign,3,0,0,0,0,1,1,0,0,0
txn_cdc87f53c221,12.31,0.3218,9,0,3.0,9.0,4.0,0.0,0.0,0.0,0.0,0.0,56.4967,0.7821,715.0,235.0,2458.0,0.0145,175.95,1005.0,0.075,0.0127,0.095,0.1547,325.0,1.0,0,,,,,routine_benign,3,0,2,0,0,3,3,1,3,0
txn_1eeb7284355f,35.0,0.1995,6,0,1.0,7.0,2.0,0.0,1.0,0.0,0.0,0.0,123.06,0.7156,1394.0,956.0,1805.0,0.0025,58.74,1582.0,0.0269,0.0128,0.1192,0.1043,1317.0,0.0,0,,,,,routine_benign,3,3,2,0,0,5,5,0,3,0
txn_6014b36d790f,44.73,0.3357,6,0,3.0,9.0,4.0,0.0,3.0,0.0,0.0,0.0,58.2967,0.2327,526.0,526.0,1805.0,0.0025,58.74,2446.0,0.0182,0.0129,0.0251,0.1043,1317.0,0.0,0,,,,,routine_benign,4,2,2,0,0,4,4,4,0,0
txn_964cb1e6f7b5,123.06,0.4797,7,1,0.0,3.0,0.0,0.0,0.0,0.0,0.0,0.0,0.0,0.0,1440.0,1440.0,1805.0,0.0025,58.74,2175.0,0.0683,0.0117,0.2308,0.1043,1317.0,0.0,0,,,,,atypical_benign,2,0,2,0,0,3,4,2,3,0
txn_969ec3511306,16.83,0.2087,21,0,2.0,9.0,3.0,0.0,2.0,0.0,0.0,0.0,79.03,0.787,897.0,897.0,1805.0,0.0025,58.74,1550.0,0.0458,0.0127,0.3338,0.1043,1317.0,0.0,0,,,,,routine_benign,2,2,1,0,0,0,0,0,0,0
txn_c653979e444a,8.7,0.1393,14,0,0.0,5.0,1.0,0.0,0.0,0.0,0.0,0.0,0.0,0.0,1440.0,438.0,2551.0,0.0325,76.63,1778.0,0.0566,0.0058,0.1487,0.1043,1317.0,0.0,0,,,,,routine_benign,2,3,2,0,0,0,0,0,2,0
txn_754bfa29dfc8,21.62,0.1035,5,0,2.0,8.0,2.0,0.0,1.0,0.0,0.0,0.0,19.19,0.1266,572.0,250.0,2551.0,0.0325,76.63,120.0,0.0678,0.0043,0.1781,0.2041,636.0,0.0,0,,,,,routine_benign,1,3,2,0,0,4,4,3,0,0
txn_ed0b6ef8176c,29.68,0.3482,19,0,1.0,4.0,0.0,0.0,0.0,0.0,0.0,0.0,8.7,2.4115,304.0,1440.0,2551.0,0.0325,76.63,2617.0,0.075,0.0062,0.2081,0.2041,636.0,0.0,0,,,,,routine_benign,2,1,1,0,0,3,3,0,1,0
txn_784b816f5875,26.71,0.3141,8,0,3.0,9.0,4.0,0.0,0.0,0.0,0.0,0.0,20.0,0.3355,1641.0,421.0,2551.0,0.0325,76.63,2377.0,0.0442,0.0108,0.2707,0.2041,636.0,0.0,0,,,,,routine_benign,4,2,1,0,0,0,0,0,2,0
txn_f42fd5301cea,18.28,0.2678,1,1,3.0,9.0,3.0,0.0,1.0,0.0,0.0,0.0,27.5567,0.3366,860.0,1220.0,477.0,0.0618,76.37,4064.0,0.0167,0.0099,0.1492,0.2041,636.0,0.0,0,,,,,atypical_benign,0,3,0,0,1,5,2,5,0,1
txn_cf759fdcca8d,30.97,0.3298,0,0,0.0,6.0,1.0,0.0,0.0,0.0,0.0,0.0,0.0,0.0,1440.0,322.0,477.0,0.0618,76.37,4662.0,0.0104,0.0103,0.143,0.2041,636.0,0.0,0,,,,,routine_benign,0,0,0,0,0,2,2,3,0,0
txn_e9ad3182655a,11.65,0.0775,11,0,2.0,10.0,2.0,0.0,0.0,0.0,0.0,0.0,35.51,0.6719,590.0,590.0,477.0,0.0618,76.37,4560.0,0.02,0.0138,0.1861,0.0282,1175.0,1.0,0,,,,,routine_benign,1,0,1,0,0,4,4,3,0,0
txn_c04a3ad5f66a,40.05,0.1847,1,0,1.0,9.0,1.0,0.0,1.0,1.0,0.0,0.0,30.97,0.2932,20.0,745.0,477.0,0.0618,76.37,4271.0,0.0147,0.0049,0.0546,0.0282,1175.0,1.0,0,,,,,routine_benign,2,3,2,0,0,1,1,0,2,0
txn_f15bbb8f6142,26.08,0.1202,19,0,2.0,8.0,3.0,0.0,0.0,0.0,0.0,0.0,34.235,0.2382,1034.0,484.0,2570.0,0.0669,132.42,387.0,0.0134,0.0034,0.2005,0.0282,1175.0,1.0,0,,,,,routine_benign,1,3,2,0,0,0,0,6,3,0
txn_b21833e50446,18.39,0.0565,12,0,0.0,3.0,0.0,0.0,0.0,0.0,0.0,0.0,0.0,0.0,1440.0,1440.0,2570.0,0.0669,132.42,2209.0,0.0528,0.0077,0.1486,0.0282,1175.0,1.0,0,,,,,routine_benign,0,1,1,0,0,2,2,1,3,0
txn_48f0dd66dae2,49.21,0.286,22,0,3.0,9.0,4.0,0.0,0.0,0.0,0.0,0.0,31.5167,0.5614,188.0,188.0,2570.0,0.0669,132.42,3498.0,0.0196,0.0118,0.3356,0.0282,1175.0,1.0,0,,,,,routine_benign,1,3,2,0,0,3,3,3,2,0
txn_43f9d0db71e9,50.08,0.0807,1,0,1.0,7.0,0.0,0.0,1.0,0.0,0.0,0.0,18.39,1.7232,785.0,1440.0,2570.0,0.0669,132.42,1154.0,0.0206,0.0065,0.0163,0.0669,1427.0,1.0,0,,,,,routine_benign,3,1,2,0,0,5,5,1,1,0
txn_6b898e81ad9a,37.93,0.2392,20,1,1.0,7.0,2.0,0.0,0.0,0.0,0.0,0.0,14.12,1.6863,914.0,914.0,1937.0,0.0194,246.89,2774.0,0.0263,0.002,0.2147,0.0669,1427.0,1.0,0,,,,,atypical_benign,0,2,0,0,0,0,3,4,0,0
txn_b682283fb404,67.43,0.1086,17,0,3.0,10.0,4.0,0.0,2.0,0.0,0.0,0.0,30.2733,1.2274,904.0,904.0,1937.0,0.0194,246.89,1005.0,0.075,0.0127,0.095,0.0669,1427.0,1.0,0,,,,,routine_benign,3,2,1,0,0,5,5,5,3,0
txn_ddb6dea862bc,14.12,0.2278,4,0,0.0,5.0,1.0,0.0,0.0,0.0,0.0,0.0,0.0,0.0,1440.0,188.0,1937.0,0.0194,246.89,1582.0,0.0269,0.0128,0.1192,0.0669,1427.0,1.0,0,,,,,routine_benign,3,1,1,0,0,4,4,5,0,0
txn_721adc1f36e9,38.77,0.1642,2,0,2.0,8.0,3.0,0.0,1.0,0.0,0.0,0.0,26.025,0.4897,369.0,369.0,1937.0,0.0194,246.89,2446.0,0.0182,0.0129,0.0251,0.0669,1427.0,1.0,0,,,,,routine_benign,2,1,2,0,0,2,2,2,2,0
txn_e5fa40c9bc6a,34.53,0.1907,0,0,1.0,7.0,1.0,0.0,0.0,0.0,0.0,0.0,19.79,0.7448,462.0,462.0,2633.0,0.0415,107.37,2175.0,0.0683,0.0117,0.2308,0.1626,1440.0,1.0,0,,,,,routine_benign,4,0,1,0,0,1,1,1,2,0
txn_7c2deae6828d,105.68,0.3423,13,0,3.0,8.0,3.0,0.0,0.0,0.0,0.0,0.0,24.0933,3.3863,310.0,310.0,2633.0,0.0415,107.37,1550.0,0.0458,0.0127,0.3338,0.1626,1440.0,1.0,0,,,,,routine_benign,1,3,2,0,0,2,2,0,2,0
txn_1b55ceaca7e1,17.96,0.1796,8,0,2.0,8.0,2.0,0.0,1.0,0.0,0.0,0.0,27.16,0.3387,504.0,504.0,2633.0,0.0415,107.37,1778.0,0.0566,0.0058,0.1487,0.1626,1440.0,1.0,0,,,,,routine_benign,1,0,0,0,0,4,4,5,1,0
txn_4df95d3685c0,19.79,0.0469,16,0,0.0,6.0,0.0,0.0,0.0,0.0,0.0,0.0,0.0,0.0,1440.0,1440.0,2633.0,0.0415,107.37,120.0,0.0678,0.0043,0.1781,0.1626,1440.0,1.0,0,,,,,routine_benign,1,0,2,0,0,2,2,4,0,0
txn_c828144a0043,435.11,0.2681,22,0,2.0,10.0,4.0,0.0,1.0,0.0,0.0,0.0,57.26,6.5988,1626.0,534.0,2119.0,0.0556,38.31,2617.0,0.075,0.0062,0.2081,0.1626,1440.0,1.0,0,,,,,atypical_benign,1,1,2,0,0,4,4,5,1,0
txn_9e7c4084fbbd,93.23,0.3116,8,0,0.0,2.0,0.0,0.0,0.0,0.0,0.0,0.0,0.0,0.0,1440.0,1440.0,2119.0,0.0556,38.31,2377.0,0.0442,0.0108,0.2707,0.0592,670.0,0.0,0,,,,,atypical_benign,0,1,1,0,1,4,4,6,2,2
txn_2c4770cf31ae,21.29,0.347,19,0,1.0,5.0,2.0,0.0,0.0,0.0,0.0,1.0,93.23,0.7716,667.0,317.0,2119.0,0.0556,38.31,4064.0,0.0167,0.0099,0.1492,0.0592,670.0,0.0,0,,,,,routine_benign,0,2,2,0,0,4,4,5,2,0
txn_c81ca27d0866,33.54,0.3444,7,0,3.0,10.0,4.0,0.0,1.0,0.0,0.0,0.0,183.21,0.8169,552.0,1828.0,2119.0,0.0556,38.31,4662.0,0.0104,0.0103,0.143,0.0592,670.0,0.0,0,,,,,routine_benign,4,0,1,0,0,1,1,0,0,0
txn_afa3f208bea4,75.46,0.0774,1,0,2.0,7.0,3.0,0.0,1.0,0.0,0.0,0.0,43.92,0.7181,315.0,350.0,1589.0,0.0523,136.41,4560.0,0.02,0.0138,0.1861,0.0592,670.0,0.0,0,,,,,routine_benign,2,1,1,0,0,1,1,4,1,0
txn_9a9ba3f66104,42.76,0.1816,14,0,0.0,4.0,1.0,0.0,0.0,0.0,0.0,0.0,0.0,0.0,1440.0,350.0,1589.0,0.0523,136.41,4271.0,0.0147,0.0049,0.0546,0.0592,670.0,0.0,0,,,,,routine_benign,4,0,0,0,0,5,5,2,1,0
txn_36412c107761,22.5,0.3476,3,0,3.0,9.0,3.0,0.0,0.0,0.0,0.0,0.0,54.4333,0.5867,1548.0,276.0,1589.0,0.0523,136.41,387.0,0.0134,0.0034,0.2005,0.0826,54.0,0.0,0,,,,,atypical_benign,3,2,1,0,0,1,1,1,0,0
txn_36165c2f5eb2,45.08,0.1139,19,0,1.0,6.0,0.0,0.0,1.0,0.0,0.0,0.0,42.76,0.0543,352.0,1440.0,1589.0,0.0523,136.41,2209.0,0.0528,0.0077,0.1486,0.0826,54.0,0.0,0,,,,,routine_benign,1,0,2,0,0,4,4,2,3,0
txn_81fa6c1d1f11,10.89,0.2718,17,0,3.0,10.0,4.0,0.0,0.0,0.0,0.0,0.0,37.9067,0.7127,1172.0,896.0,112.0,0.0192,113.15,3498.0,0.0196,0.0118,0.3356,0.0826,54.0,0.0,0,,,,,routine_benign,4,2,2,0,0,0,0,2,1,0
txn_16b9d3606012,31.93,0.3486,13,0,1.0,10.0,1.0,0.0,1.0,0.0,0.0,0.0,21.76,0.4674,674.0,1052.0,112.0,0.0192,113.15,1154.0,0.0206,0.0065,0.0163,0.0826,54.0,0.0,0,,,,,routine_benign,1,2,1,0,0,1,1,2,0,0
txn_72595a7cd5e7,60.03,0.3092,22,0,2.0,9.0,2.0,0.0,0.0,0.0,0.0,0.0,26.845,1.2362,535.0,535.0,112.0,0.0192,113.15,2774.0,0.0263,0.002,0.2147,0.0826,54.0,0.0,0,,,,,routine_benign,4,1,2,0,0,2,2,2,1,0
txn_ca2963d1218c,21.76,0.0471,2,0,0.0,6.0,0.0,0.0,1.0,0.0,0.0,0.0,0.0,0.0,1440.0,1440.0,112.0,0.0192,113.15,1005.0,0.075,0.0127,0.095,0.0257,257.0,0.0,0,,,,,routine_benign,1,1,1,0,0,5,5,5,0,0
txn_60cb1131d4bd,246.51,0.0537,22,0,2.0,10.0,3.0,0.0,0.0,0.0,0.0,0.0,37.18,5.6302,1036.0,1036.0,1794.0,0.0459,138.07,1582.0,0.0269,0.0128,0.1192,0.0257,257.0,0.0,0,,,,,routine_benign,3,2,0,0,0,0,0,2,2,0
txn_1dd1c281d5ae,51.44,0.1764,22,0,3.0,10.0,4.0,0.0,0.0,0.0,0.0,0.0,106.9567,0.5191,1432.0,1432.0,1794.0,0.0459,138.07,2446.0,0.0182,0.0129,0.0251,0.0257,257.0,0.0,0,,,,,routine_benign,0,3,1,0,0,0,0,4,1,0
txn_eff3f14a3f69,13.69,0.1254,5,0,1.0,9.0,2.0,0.0,0.0,0.0,0.0,0.0,60.67,0.7744,169.0,169.0,1794.0,0.0459,138.07,2175.0,0.0683,0.0117,0.2308,0.0257,257.0,0.0,0,,,,,routine_benign,3,0,0,0,0,1,1,0,0,0
txn_b9142321ec0a,60.67,0.3216,2,0,0.0,6.0,1.0,0.0,2.0,0.0,1.0,0.0,0.0,0.0,1440.0,36.0,1794.0,0.0459,138.07,1550.0,0.0458,0.0127,0.3338,0.0257,257.0,0.0,0,,,,,routine_benign,4,0,2,0,0,2,2,0,2,0
txn_213399379760,69.03,0.2699,6,0,2.0,11.0,3.0,0.0,1.0,0.0,0.0,0.0,19.705,2.5032,510.0,510.0,2667.0,0.0795,145.31,1778.0,0.0566,0.0058,0.1487,0.0559,553.0,0.0,0,,,,,routine_benign,0,0,1,0,0,4,4,1,3,0
txn_d0ad411adefe,20.78,0.0206,18,0,0.0,10.0,1.0,0.0,0.0,0.0,0.0,0.0,0.0,0.0,1440.0,694.0,2667.0,0.0795,145.31,120.0,0.0678,0.0043,0.1781,0.0559,553.0,0.0,0,,,,,routine_benign,3,3,2,0,0,1,1,3,1,0
txn_23c918f8f6e7,18.63,0.2145,21,0,1.0,9.0,2.0,0.0,1.0,0.0,0.0,0.0,20.78,0.1035,196.0,196.0,2667.0,0.0795,145.31,2617.0,0.075,0.0062,0.2081,0.0559,553.0,0.0,0,,,,,routine_benign,2,0,1,0,0,1,1,0,1,0
txn_d7be8469a5db,15.24,0.1611,16,0,3.0,10.0,4.0,0.0,0.0,0.0,0.0,0.0,36.1467,0.5784,603.0,603.0,2667.0,0.0795,145.31,2377.0,0.0442,0.0108,0.2707,0.0559,553.0,0.0,0,,,,,routine_benign,4,1,2,0,0,2,2,2,2,0
txn_bfb7766edf56,11.58,0.0626,6,0,1.0,7.0,0.0,0.0,0.0,0.0,0.0,0.0,13.81,0.1615,175.0,1440.0,2825.0,0.0624,152.97,4064.0,0.0167,0.0099,0.1492,0.0559,553.0,0.0,0,,,,,routine_benign,4,3,0,0,0,5,5,5,3,0
txn_e071acd231e3,13.81,0.0645,3,0,0.0,7.0,0.0,0.0,2.0,0.0,0.0,0.0,0.0,0.0,1440.0,1440.0,2825.0,0.0624,152.97,4662.0,0.0104,0.0103,0.143,0.1473,329.0,1.0,0,,,,,routine_benign,2,2,2,0,0,3,3,2,3,0
txn_6e6140a58c42,13.05,0.0346,10,0,2.0,9.0,1.0,0.0,1.0,0.0,0.0,0.0,12.695,0.028,206.0,381.0,2825.0,0.0624,152.97,4560.0,0.02,0.0138,0.1861,0.1473,329.0,1.0,0,,,,,routine_benign,4,2,0,0,0,4,4,0,0,0
txn_e05cc56780e9,44.3,0.3856,2,0,3.0,10.0,4.0,0.0,0.0,0.0,0.0,0.0,12.8133,2.4573,2442.0,1104.0,2825.0,0.0624,152.97,4271.0,0.0147,0.0049,0.0546,0.1473,329.0,1.0,0,,,,,atypical_benign,3,0,1,0,0,2,2,0,0,0
txn_35961686718b,23.12,0.2652,8,0,3.0,10.0,3.0,0.0,2.0,0.0,0.0,0.0,26.05,0.1125,724.0,1305.0,318.0,0.0534,269.81,387.0,0.0134,0.0034,0.2005,0.1473,329.0,1.0,0,,,,,routine_benign,3,2,1,0,0,4,4,2,1,0
txn_d4017f2116e2,25.7,0.2101,10,0,1.0,9.0,2.0,0.0,1.0,0.0,1.0,0.0,28.47,0.0973,933.0,33.0,318.0,0.0534,269.81,2209.0,0.0528,0.0077,0.1486,0.1473,329.0,1.0,0,,,,,routine_benign,1,0,0,0,0,1,1,4,0,0
txn_210d4dd0fde8,23.98,0.274,20,0,2.0,8.0,3.0,0.0,1.0,0.0,0.0,0.0,27.085,0.1146,581.0,151.0,318.0,0.0534,269.81,3498.0,0.0196,0.0118,0.3356,0.0016,493.0,0.0,0,,,,,routine_benign,3,3,1,0,0,4,4,4,1,0
txn_33f1930b1b2e,28.47,0.2834,19,0,0.0,4.0,1.0,0.0,0.0,0.0,0.0,0.0,0.0,0.0,1440.0,564.0,318.0,0.0534,269.81,1154.0,0.0206,0.0065,0.0163,0.0016,493.0,0.0,0,,,,,routine_benign,4,0,2,0,0,0,0,5,1,0
txn_080522ec82d5,8.5,0.6287,22,1,3.0,10.0,4.0,0.0,1.0,0.0,0.0,0.0,45.5033,0.8132,1299.0,1564.0,662.0,0.0709,103.13,2774.0,0.0263,0.002,0.2147,0.0016,493.0,0.0,0,,,,,atypical_benign,3,1,0,0,0,3,0,2,1,0
txn_24189d91233a,84.9,0.1605,17,0,1.0,8.0,2.0,0.0,1.0,0.0,0.0,0.0,10.42,7.1478,1927.0,1363.0,662.0,0.0709,103.13,1005.0,0.075,0.0127,0.095,0.0016,493.0,0.0,0,,,,,routine_benign,2,1,1,0,0,1,1,5,1,0
txn_bde0e243496f,10.42,0.3344,9,0,0.0,4.0,0.0,0.0,0.0,0.0,0.0,0.0,0.0,0.0,1440.0,1440.0,662.0,0.0709,103.13,1582.0,0.0269,0.0128,0.1192,0.0016,493.0,0.0,0,,,,,routine_benign,1,1,1,0,0,5,5,2,2,0
txn_77951ab55073,41.19,0.1769,0,0,2.0,6.0,1.0,0.0,1.0,0.0,0.0,0.0,47.66,0.1358,416.0,167.0,662.0,0.0709,103.13,2446.0,0.0182,0.0129,0.0251,0.1321,1133.0,1.0,0,,,,,routine_benign,0,0,2,0,0,3,3,2,1,0
txn_40ee597cd40f,62.23,0.5173,14,0,3.0,10.0,4.0,0.0,2.0,0.0,0.0,0.0,20.49,2.0371,739.0,739.0,2198.0,0.0492,103.94,2175.0,0.0683,0.0117,0.2308,0.1321,1133.0,1.0,0,,,,,atypical_benign,1,1,2,0,0,5,5,5,3,0
txn_4aa4e23eefc6,40.92,0.2467,21,0,0.0,10.0,0.0,0.0,1.0,0.0,0.0,0.0,0.0,0.0,1440.0,1440.0,2198.0,0.0492,103.94,1550.0,0.0458,0.0127,0.3338,0.1321,1133.0,1.0,0,,,,,routine_benign,4,2,1,0,0,3,3,1,3,0
txn_082bf33aed06,9.98,0.1938,1,0,1.0,10.0,2.0,0.0,0.0,0.0,1.0,0.0,40.92,0.7561,212.0,45.0,2198.0,0.0492,103.94,1778.0,0.0566,0.0058,0.1487,0.1321,1133.0,1.0,0,,,,,atypical_benign,4,1,0,0,0,5,5,2,3,0
txn_17d2a30fd8db,10.57,0.2409,1,0,2.0,11.0,3.0,0.0,0.0,1.0,2.0,0.0,25.45,0.5847,15.0,15.0,2198.0,0.0492,103.94,120.0,0.0678,0.0043,0.1781,0.1321,1133.0,1.0,0,,,,,routine_benign,2,0,2,0,0,0,0,3,0,0
txn_557e70153364,902.56,0.4205,17,0,0.0,0.0,0.0,0.0,0.0,0.0,0.0,0.0,0.0,0.0,1440.0,1440.0,148.0,0.1629,96.46,709.0,0.2053,0.0719,0.5976,0.8129,105.0,1.0,1,merchant_ecosystem_abuse,gift_card_abuse,merchant_gift_card_001__experiment_mut_9b34aba7478b,scn_9b2a3bb09209,overt_fraud,0,0,2,0,0,3,3,3,3,0
txn_6b27a70335f9,544.18,0.586,17,1,1.0,1.0,1.0,1.0,1.0,1.0,1.0,0.0,902.56,0.3971,20.2,20.2,148.0,0.1629,96.46,709.0,0.2053,0.0719,0.5976,0.8129,105.0,1.0,1,merchant_ecosystem_abuse,gift_card_abuse,merchant_gift_card_001__experiment_mut_9b34aba7478b,scn_9b2a3bb09209,overt_fraud,1,0,2,0,0,4,0,3,3,0
txn_e262ad40df71,566.71,0.3082,17,0,2.0,2.0,2.0,2.0,1.0,2.0,2.0,0.0,723.37,0.2166,11.74,11.74,148.0,0.1629,96.46,709.0,0.2053,0.0719,0.5976,0.8129,105.0,1.0,1,merchant_ecosystem_abuse,gift_card_abuse,merchant_gift_card_001__experiment_mut_9b34aba7478b,scn_9b2a3bb09209,overt_fraud,1,0,2,0,0,0,0,3,3,0
txn_9368e5462701,1247.83,0.4159,19,0,3.0,3.0,3.0,0.0,2.0,0.0,0.0,0.0,671.15,0.8592,129.88,129.88,148.0,0.1629,96.46,709.0,0.2053,0.0719,0.5976,0.8129,105.0,1.0,1,merchant_ecosystem_abuse,gift_card_abuse,merchant_gift_card_001__experiment_mut_9b34aba7478b,scn_9b2a3bb09209,overt_fraud,1,0,2,0,0,0,0,3,3,0
txn_6622b01b10b0,1144.9,0.3164,19,0,4.0,4.0,4.0,1.0,2.0,1.0,1.0,0.0,815.32,0.4042,2.02,2.02,148.0,0.1629,96.46,709.0,0.2053,0.0719,0.5976,0.8129,105.0,1.0,1,merchant_ecosystem_abuse,gift_card_abuse,merchant_gift_card_001__experiment_mut_9b34aba7478b,scn_9b2a3bb09209,overt_fraud,0,0,2,0,1,4,4,3,3,1
txn_c76c1a2aff06,548.92,0.2256,21,0,5.0,5.0,5.0,2.0,2.0,0.0,0.0,1.0,881.236,0.3771,99.82,99.82,148.0,0.1629,96.46,709.0,0.2053,0.0719,0.5976,0.8129,105.0,1.0,1,merchant_ecosystem_abuse,gift_card_abuse,merchant_gift_card_001__experiment_mut_9b34aba7478b,scn_9b2a3bb09209,overt_fraud,0,0,2,0,0,0,0,3,3,0
txn_cd88149f3117,1006.49,0.4694,23,0,6.0,6.0,6.0,0.0,2.0,0.0,0.0,1.0,825.85,0.2187,142.59,142.59,148.0,0.1629,96.46,709.0,0.2053,0.0719,0.5976,0.8129,105.0,1.0,1,merchant_ecosystem_abuse,gift_card_abuse,merchant_gift_card_001__experiment_mut_9b34aba7478b,scn_9b2a3bb09209,overt_fraud,2,0,2,0,0,1,1,3,3,0
txn_8558353380b9,1408.44,0.1262,8,1,7.0,7.0,7.0,1.0,3.0,0.0,0.0,1.0,851.6557,0.6538,510.49,510.49,148.0,0.1629,96.46,709.0,0.2053,0.0719,0.5976,0.8129,105.0,1.0,1,merchant_ecosystem_abuse,gift_card_abuse,merchant_gift_card_001__experiment_mut_9b34aba7478b,scn_9b2a3bb09209,overt_fraud,2,0,2,0,0,0,5,3,3,0
txn_eb650b7301d4,840.58,0.4619,10,0,8.0,8.0,8.0,2.0,3.0,0.0,0.0,1.0,921.2538,0.0876,128.7,128.7,148.0,0.1629,96.46,709.0,0.2053,0.0719,0.5976,0.8129,105.0,1.0,1,merchant_ecosystem_abuse,gift_card_abuse,merchant_gift_card_001__experiment_mut_9b34aba7478b,scn_9b2a3bb09209,overt_fraud,2,0,2,0,0,4,4,3,3,0
txn_0e2ee683652b,976.6,0.6042,12,0,9.0,9.0,9.0,0.0,3.0,0.0,0.0,1.0,912.29,0.0705,101.25,101.25,148.0,0.1629,96.46,709.0,0.2053,0.0719,0.5976,0.8129,105.0,1.0,1,merchant_ecosystem_abuse,gift_card_abuse,merchant_gift_card_001__experiment_mut_9b34aba7478b,scn_9b2a3bb09209,overt_fraud,3,0,2,0,0,3,3,3,3,0
txn_b4e81e3ecc90,261.86,0.423,12,0,10.0,10.0,10.0,1.0,2.0,1.0,1.0,1.0,918.721,0.715,13.29,13.29,148.0,0.1629,96.46,709.0,0.2053,0.0719,0.5976,0.8129,105.0,1.0,1,merchant_ecosystem_abuse,gift_card_abuse,merchant_gift_card_001__experiment_mut_9b34aba7478b,scn_9b2a3bb09209,overt_fraud,1,0,2,0,0,2,2,3,3,0
txn_0a5deb88dabf,1313.78,0.08,15,0,11.0,11.0,11.0,2.0,2.0,0.0,0.0,1.0,859.0064,0.5294,205.18,205.18,148.0,0.1629,96.46,709.0,0.2053,0.0719,0.5976,0.8129,105.0,1.0,1,merchant_ecosystem_abuse,gift_card_abuse,merchant_gift_card_001__experiment_mut_9b34aba7478b,scn_9b2a3bb09209,overt_fraud,1,0,2,0,1,0,0,3,3,1
txn_e35f48ef0d5f,1060.76,0.3505,16,0,12.0,12.0,12.0,0.0,2.0,1.0,1.0,2.0,896.9042,0.1827,20.11,20.11,148.0,0.1629,96.46,709.0,0.2053,0.0719,0.5976,0.8129,105.0,1.0,1,merchant_ecosystem_abuse,gift_card_abuse,merchant_gift_card_001__experiment_mut_9b34aba7478b,scn_9b2a3bb09209,overt_fraud,1,0,2,0,0,3,3,3,3,0
txn_3cc9e3708baf,1205.85,0.5988,18,0,13.0,13.0,13.0,1.0,2.0,0.0,0.0,2.0,909.5085,0.3258,161.96,161.96,148.0,0.1629,96.46,709.0,0.2053,0.0719,0.5976,0.8129,105.0,1.0,1,merchant_ecosystem_abuse,gift_card_abuse,merchant_gift_card_001__experiment_mut_9b34aba7478b,scn_9b2a3bb09209,overt_fraud,3,0,2,0,0,0,0,3,3,0
txn_276307f28309,1216.87,0.3224,20,0,14.0,14.0,14.0,2.0,2.0,0.0,0.0,1.0,930.6757,0.3075,120.93,120.93,148.0,0.1629,96.46,709.0,0.2053,0.0719,0.5976,0.8129,105.0,1.0,1,merchant_ecosystem_abuse,gift_card_abuse,merchant_gift_card_001__experiment_mut_9b34aba7478b,scn_9b2a3bb09209,overt_fraud,0,0,2,0,0,0,0,3,3,0
txn_49e2300ad9ce,859.33,0.3925,21,0,15.0,15.0,15.0,0.0,2.0,1.0,1.0,1.0,949.7553,0.0952,42.85,42.85,148.0,0.1629,96.46,709.0,0.2053,0.0719,0.5976,0.8129,105.0,1.0,1,merchant_ecosystem_abuse,gift_card_abuse,merchant_gift_card_001__experiment_mut_9b34aba7478b,scn_9b2a3bb09209,overt_fraud,0,0,2,0,0,2,2,3,3,0
txn_cfc149d51386,719.63,0.3271,0,0,16.0,16.0,16.0,1.0,2.0,0.0,0.0,1.0,944.1038,0.2378,190.54,190.54,148.0,0.1629,96.46,709.0,0.2053,0.0719,0.5976,0.8129,105.0,1.0,1,merchant_ecosystem_abuse,gift_card_abuse,merchant_gift_card_001__experiment_mut_9b34aba7478b,scn_9b2a3bb09209,overt_fraud,0,0,2,0,0,3,3,3,3,0
txn_b32997c6eda5,1111.48,0.2732,1,0,17.0,17.0,17.0,2.0,1.0,1.0,1.0,1.0,930.8994,0.194,37.49,37.49,148.0,0.1629,96.46,709.0,0.2053,0.0719,0.5976,0.8129,105.0,1.0,1,merchant_ecosystem_abuse,gift_card_abuse,merchant_gift_card_001__experiment_mut_9b34aba7478b,scn_9b2a3bb09209,overt_fraud,4,0,2,0,0,4,4,3,3,0
txn_808ea16fa956,669.01,0.1522,4,0,18.0,18.0,18.0,0.0,0.0,0.0,0.0,1.0,940.9317,0.289,184.69,184.69,148.0,0.1629,96.46,709.0,0.2053,0.0719,0.5976,0.8129,105.0,1.0,1,merchant_ecosystem_abuse,gift_card_abuse,merchant_gift_card_001__experiment_mut_9b34aba7478b,scn_9b2a3bb09209,overt_fraud,1,0,2,0,0,1,1,3,3,0
txn_bb70ea19de83,506.03,0.3879,6,0,19.0,19.0,19.0,1.0,0.0,0.0,0.0,1.0,926.62,0.4539,110.11,110.11,148.0,0.1629,96.46,709.0,0.2053,0.0719,0.5976,0.8129,105.0,1.0,1,merchant_ecosystem_abuse,gift_card_abuse,merchant_gift_card_001__experiment_mut_9b34aba7478b,scn_9b2a3bb09209,overt_fraud,1,0,2,0,0,0,0,3,3,0
txn_20eb81e7407f,1021.48,0.7123,6,0,20.0,20.0,20.0,2.0,0.0,1.0,1.0,1.0,905.5905,0.128,31.27,31.27,148.0,0.1629,96.46,709.0,0.2053,0.0719,0.5976,0.8129,105.0,1.0,1,merchant_ecosystem_abuse,gift_card_abuse,merchant_gift_card_001__experiment_mut_9b34aba7478b,scn_9b2a3bb09209,overt_fraud,2,0,2,0,1,3,3,3,3,1
txn_d9ca51006679,1271.36,0.5241,7,0,21.0,21.0,21.0,0.0,0.0,2.0,2.0,2.0,911.109,0.3954,22.74,22.74,148.0,0.1629,96.46,709.0,0.2053,0.0719,0.5976,0.8129,105.0,1.0,1,merchant_ecosystem_abuse,gift_card_abuse,merchant_gift_card_001__experiment_mut_9b34aba7478b,scn_9b2a3bb09209,overt_fraud,3,0,2,0,0,0,0,3,3,0
txn_416498a8458c,502.46,0.3104,10,0,22.0,22.0,22.0,1.0,0.0,0.0,0.0,2.0,927.4841,0.4583,181.63,181.63,148.0,0.1629,96.46,709.0,0.2053,0.0719,0.5976,0.8129,105.0,1.0,1,merchant_ecosystem_abuse,gift_card_abuse,merchant_gift_card_001__experiment_mut_9b34aba7478b,scn_9b2a3bb09209,overt_fraud,3,0,2,0,0,1,1,3,3,0
txn_60fa402fa85c,182.26,0.311,20,0,23.0,23.0,23.0,2.0,1.0,0.0,0.0,1.0,909.0048,0.7995,602.52,602.52,148.0,0.1629,96.46,709.0,0.2053,0.0719,0.5976,0.8129,105.0,1.0,1,merchant_ecosystem_abuse,gift_card_abuse,merchant_gift_card_001__experiment_mut_9b34aba7478b,scn_9b2a3bb09209,overt_fraud,4,0,2,0,0,1,1,3,3,0
txn_2753b6b130b0,1117.33,0.4552,4,0,24.0,24.0,24.0,0.0,3.0,0.0,0.0,1.0,878.7237,0.2715,477.24,477.24,148.0,0.1629,96.46,709.0,0.2053,0.0719,0.5976,0.8129,105.0,1.0,1,merchant_ecosystem_abuse,gift_card_abuse,merchant_gift_card_001__experiment_mut_9b34aba7478b,scn_9b2a3bb09209,overt_fraud,2,0,2,0,0,5,5,3,3,0
txn_91cea9d0eb4d,630.1,0.3936,4,0,25.0,25.0,25.0,1.0,1.0,1.0,1.0,1.0,888.268,0.2906,40.32,40.32,148.0,0.1629,96.46,709.0,0.2053,0.0719,0.5976,0.8129,105.0,1.0,1,merchant_ecosystem_abuse,gift_card_abuse,merchant_gift_card_001__experiment_mut_9b34aba7478b,scn_9b2a3bb09209,overt_fraud,4,0,2,0,0,0,0,3,3,0
txn_a9073e6abe30,1596.04,0.4938,15,0,0.0,0.0,0.0,0.0,0.0,0.0,0.0,0.0,0.0,0.0,1440.0,1440.0,325.0,0.0978,267.28,651.0,0.0597,0.0789,1.1912,0.2278,107.0,3.0,1,merchant_ecosystem_abuse,gift_card_abuse,merchant_gift_card_001__experiment_mut_9b34aba7478b,scn_6e57d66bd371,overt_fraud,3,0,2,0,0,5,5,3,3,0
txn_7ae12d598b5d,1514.05,0.3568,15,0,1.0,1.0,1.0,1.0,0.0,1.0,1.0,0.0,1596.04,0.0514,15.09,15.09,325.0,0.0978,267.28,651.0,0.0597,0.0789,1.1912,0.2278,107.0,3.0,1,merchant_ecosystem_abuse,gift_card_abuse,merchant_gift_card_001__experiment_mut_9b34aba7478b,scn_6e57d66bd371,overt_fraud,3,0,2,0,0,5,5,3,3,0
txn_20fbe51fe270,1043.98,0.344,15,0,2.0,2.0,2.0,2.0,1.0,2.0,2.0,0.0,1555.045,0.3286,15.97,15.97,325.0,0.0978,267.28,651.0,0.0597,0.0789,1.1912,0.2278,107.0,3.0,1,merchant_ecosystem_abuse,gift_card_abuse,merchant_gift_card_001__experiment_mut_9b34aba7478b,scn_6e57d66bd371,overt_fraud,1,0,2,0,0,3,3,3,3,0
txn_01ea855e0cd7,426.75,0.6237,16,0,3.0,3.0,3.0,0.0,1.0,2.0,2.0,0.0,1384.69,0.6918,35.04,35.04,325.0,0.0978,267.28,651.0,0.0597,0.0789,1.1912,0.2278,107.0,3.0,1,merchant_ecosystem_abuse,gift_card_abuse,merchant_gift_card_001__experiment_mut_9b34aba7478b,scn_6e57d66bd371,overt_fraud,0,0,2,0,0,5,5,3,3,0
txn_f889aed3e642,1364.08,0.4916,18,0,4.0,4.0,4.0,1.0,1.0,0.0,0.0,0.0,1145.205,0.1911,113.7,113.7,325.0,0.0978,267.28,651.0,0.0597,0.0789,1.1912,0.2278,107.0,3.0,1,merchant_ecosystem_abuse,gift_card_abuse,merchant_gift_card_001__experiment_mut_9b34aba7478b,scn_6e57d66bd371,overt_fraud,2,0,2,0,0,2,2,3,3,0
txn_6c1a2f6f2c41,220.74,0.08,20,0,5.0,5.0,5.0,2.0,1.0,0.0,0.0,0.0,1188.98,0.8143,168.79,168.79,325.0,0.0978,267.28,651.0,0.0597,0.0789,1.1912,0.2278,107.0,3.0,1,merchant_ecosystem_abuse,gift_card_abuse,merchant_gift_card_001__experiment_mut_9b34aba7478b,scn_6e57d66bd371,overt_fraud,2,0,2,0,0,2,2,3,3,0
txn_1032df9dd30a,1642.6,0.3731,23,0,6.0,6.0,6.0,0.0,1.0,0.0,0.0,0.0,1027.6067,0.5985,138.44,138.44,325.0,0.0978,267.28,651.0,0.0597,0.0789,1.1912,0.2278,107.0,3.0,1,merchant_ecosystem_abuse,gift_card_abuse,merchant_gift_card_001__experiment_mut_9b34aba7478b,scn_6e57d66bd371,overt_fraud,3,0,2,0,0,2,2,3,3,0
txn_3a2d8ac74518,735.59,0.5707,1,0,7.0,7.0,7.0,1.0,1.0,0.0,0.0,0.0,1115.4629,0.3406,125.26,125.26,325.0,0.0978,267.28,651.0,0.0597,0.0789,1.1912,0.2278,107.0,3.0,1,merchant_ecosystem_abuse,gift_card_abuse,merchant_gift_card_001__experiment_mut_9b34aba7478b,scn_6e57d66bd371,overt_fraud,3,0,2,0,0,5,5,3,3,0
txn_bf7af053fc04,891.85,0.2236,3,0,8.0,8.0,8.0,2.0,0.0,0.0,0.0,0.0,1067.9787,0.1649,114.68,114.68,325.0,0.0978,267.28,651.0,0.0597,0.0789,1.1912,0.2278,107.0,3.0,1,merchant_ecosystem_abuse,gift_card_abuse,merchant_gift_card_001__experiment_mut_9b34aba7478b,scn_6e57d66bd371,overt_fraud,4,0,2,0,0,5,5,3,3,0
txn_bcecc8e2099c,863.15,0.2564,4,0,9.0,9.0,9.0,0.0,0.0,0.0,0.0,0.0,1048.4089,0.1767,74.07,74.07,325.0,0.0978,267.28,651.0,0.0597,0.0789,1.1912,0.2278,107.0,3.0,1,merchant_ecosystem_abuse,gift_card_abuse,merchant_gift_card_001__experiment_mut_9b34aba7478b,scn_6e57d66bd371,overt_fraud,3,0,2,0,0,3,3,3,3,0
txn_3c2bd92cc599,517.4,0.2723,7,0,10.0,10.0,10.0,1.0,0.0,0.0,0.0,0.0,1029.883,0.4976,177.79,177.79,325.0,0.0978,267.28,651.0,0.0597,0.0789,1.1912,0.2278,107.0,3.0,1,merchant_ecosystem_abuse,gift_card_abuse,merchant_gift_card_001__experiment_mut_9b34aba7478b,scn_6e57d66bd371,overt_fraud,4,0,2,0,0,0,0,3,3,0
txn_43140e9bdf70,755.28,0.378,10,0,11.0,11.0,11.0,2.0,1.0,0.0,0.0,0.0,983.2936,0.2319,190.34,190.34,325.0,0.0978,267.28,651.0,0.0597,0.0789,1.1912,0.2278,107.0,3.0,1,merchant_ecosystem_abuse,gift_card_abuse,merchant_gift_card_001__experiment_mut_9b34aba7478b,scn_6e57d66bd371,overt_fraud,1,0,2,0,0,0,0,3,3,0
txn_fc433056dcd3,561.13,0.299,15,0,12.0,12.0,12.0,0.0,1.0,0.0,0.0,0.0,964.2925,0.4181,326.43,326.43,325.0,0.0978,267.28,651.0,0.0597,0.0789,1.1912,0.2278,107.0,3.0,1,merchant_ecosystem_abuse,gift_card_abuse,merchant_gift_card_001__experiment_mut_9b34aba7478b,scn_6e57d66bd371,overt_fraud,1,0,2,0,0,2,2,3,3,0
txn_f4157cc1f818,115.75,0.37,16,0,13.0,13.0,13.0,1.0,1.0,1.0,1.0,0.0,933.28,0.876,9.87,9.87,325.0,0.0978,267.28,651.0,0.0597,0.0789,1.1912,0.2278,107.0,3.0,1,merchant_ecosystem_abuse,gift_card_abuse,merchant_gift_card_001__experiment_mut_9b34aba7478b,scn_6e57d66bd371,overt_fraud,3,0,2,0,0,1,1,3,3,0
txn_1508c40734fc,1229.16,0.2418,21,0,14.0,14.0,14.0,2.0,1.0,0.0,0.0,0.0,874.885,0.4049,300.0,300.0,325.0,0.0978,267.28,651.0,0.0597,0.0789,1.1912,0.2278,107.0,3.0,1,merchant_ecosystem_abuse,gift_card_abuse,merchant_gift_card_001__experiment_mut_9b34aba7478b,scn_6e57d66bd371,overt_fraud,2,0,2,0,0,4,4,3,3,0
txn_bacab47305ef,1551.74,0.4026,21,0,15.0,15.0,15.0,0.0,0.0,1.0,1.0,0.0,898.5033,0.727,15.45,15.45,325.0,0.0978,267.28,651.0,0.0597,0.0789,1.1912,0.2278,107.0,3.0,1,merchant_ecosystem_abuse,gift_card_abuse,merchant_gift_card_001__experiment_mut_9b34aba7478b,scn_6e57d66bd371,overt_fraud,1,0,2,0,0,0,0,3,3,0
txn_a7eca25ca1dc,566.16,0.6226,22,0,16.0,16.0,16.0,1.0,0.0,1.0,1.0,0.0,939.3306,0.3973,46.0,46.0,325.0,0.0978,267.28,651.0,0.0597,0.0789,1.1912,0.2278,107.0,3.0,1,merchant_ecosystem_abuse,gift_card_abuse,merchant_gift_card_001__experiment_mut_9b34aba7478b,scn_6e57d66bd371,overt_fraud,3,0,2,0,0,2,2,3,3,0
txn_8bf644f96206,453.73,0.5924,4,0,17.0,17.0,17.0,2.0,1.0,0.0,0.0,0.0,917.3794,0.5054,390.48,390.48,325.0,0.0978,267.28,651.0,0.0597,0.0789,1.1912,0.2278,107.0,3.0,1,merchant_ecosystem_abuse,gift_card_abuse,merchant_gift_card_001__experiment_mut_9b34aba7478b,scn_6e57d66bd371,overt_fraud,3,0,2,0,0,3,3,3,3,0
txn_348e5aab67a7,1385.06,0.408,8,0,18.0,18.0,18.0,0.0,1.0,0.0,0.0,0.0,891.6211,0.5534,212.75,212.75,325.0,0.0978,267.28,651.0,0.0597,0.0789,1.1912,0.2278,107.0,3.0,1,merchant_ecosystem_abuse,gift_card_abuse,merchant_gift_card_001__experiment_mut_9b34aba7478b,scn_6e57d66bd371,overt_fraud,3,0,2,0,0,3,3,3,3,0
txn_95164f17b6e8,323.01,0.4668,8,1,19.0,19.0,19.0,1.0,1.0,1.0,1.0,0.0,917.5916,0.648,7.11,7.11,325.0,0.0978,267.28,651.0,0.0597,0.0789,1.1912,0.2278,107.0,3.0,1,merchant_ecosystem_abuse,gift_card_abuse,merchant_gift_card_001__experiment_mut_9b34aba7478b,scn_6e57d66bd371,overt_fraud,0,0,2,0,1,2,5,3,3,1
txn_7e14dd89ac6f,432.44,0.2614,15,0,20.0,20.0,20.0,2.0,2.0,0.0,0.0,1.0,887.8625,0.5129,438.01,438.01,325.0,0.0978,267.28,651.0,0.0597,0.0789,1.1912,0.2278,107.0,3.0,1,merchant_ecosystem_abuse,gift_card_abuse,merchant_gift_card_001__experiment_mut_9b34aba7478b,scn_6e57d66bd371,overt_fraud,4,0,2,0,0,4,4,3,3,0
txn_84a744597d0e,1002.43,0.2009,16,0,21.0,21.0,21.0,0.0,2.0,1.0,1.0,1.0,866.1757,0.1573,53.98,53.98,325.0,0.0978,267.28,651.0,0.0597,0.0789,1.1912,0.2278,107.0,3.0,1,merchant_ecosystem_abuse,gift_card_abuse,merchant_gift_card_001__experiment_mut_9b34aba7478b,scn_6e57d66bd371,overt_fraud,2,0,2,0,0,1,1,3,3,0
txn_9aa3991a1e79,335.89,0.4644,1,0,22.0,22.0,22.0,1.0,3.0,0.0,0.0,1.0,872.3691,0.615,547.51,547.51,325.0,0.0978,267.28,651.0,0.0597,0.0789,1.1912,0.2278,107.0,3.0,1,merchant_ecosystem_abuse,gift_card_abuse,merchant_gift_card_001__experiment_mut_9b34aba7478b,scn_6e57d66bd371,overt_fraud,1,0,2,0,0,2,2,3,3,0
txn_7c28d4b965fc,1035.98,0.3923,2,1,23.0,23.0,23.0,2.0,2.0,1.0,1.0,1.0,849.0439,0.2202,23.64,23.64,325.0,0.0978,267.28,651.0,0.0597,0.0789,1.1912,0.2278,107.0,3.0,1,merchant_ecosystem_abuse,gift_card_abuse,merchant_gift_card_001__experiment_mut_9b34aba7478b,scn_6e57d66bd371,overt_fraud,4,0,2,0,0,2,3,3,3,0
txn_41d34e4aeef8,964.93,0.3638,9,0,24.0,24.0,24.0,0.0,3.0,0.0,0.0,0.0,856.8329,0.1262,470.11,470.11,325.0,0.0978,267.28,651.0,0.0597,0.0789,1.1912,0.2278,107.0,3.0,1,merchant_ecosystem_abuse,gift_card_abuse,merchant_gift_card_001__experiment_mut_9b34aba7478b,scn_6e57d66bd371,overt_fraud,1,0,2,0,0,0,0,3,3,0
txn_4383bfc63a4c,810.87,0.5581,10,0,25.0,25.0,25.0,1.0,1.0,1.0,1.0,0.0,861.1568,0.0584,45.26,45.26,325.0,0.0978,267.28,651.0,0.0597,0.0789,1.1912,0.2278,107.0,3.0,1,merchant_ecosystem_abuse,gift_card_abuse,merchant_gift_card_001__experiment_mut_9b34aba7478b,scn_6e57d66bd371,overt_fraud,1,0,2,0,0,0,0,3,3,0
txn_4e713ba7f0d4,1000.42,0.2702,10,0,26.0,26.0,26.0,2.0,1.0,1.0,1.0,0.0,859.2227,0.1643,21.29,21.29,325.0,0.0978,267.28,651.0,0.0597,0.0789,1.1912,0.2278,107.0,3.0,1,merchant_ecosystem_abuse,gift_card_abuse,merchant_gift_card_001__experiment_mut_9b34aba7478b,scn_6e57d66bd371,overt_fraud,1,0,2,0,0,0,0,3,3,0
txn_7fe229a9429a,423.37,0.1945,13,1,27.0,27.0,27.0,0.0,1.0,0.0,0.0,0.0,864.4522,0.5102,141.46,141.46,325.0,0.0978,267.28,651.0,0.0597,0.0789,1.1912,0.2278,107.0,3.0,1,merchant_ecosystem_abuse,gift_card_abuse,merchant_gift_card_001__experiment_mut_9b34aba7478b,scn_6e57d66bd371,overt_fraud,3,0,2,0,0,0,5,3,3,0
txn_8b9581234452,1457.54,0.6508,13,0,28.0,28.0,28.0,1.0,1.0,1.0,1.0,0.0,848.6993,0.7174,21.02,21.02,325.0,0.0978,267.28,651.0,0.0597,0.0789,1.1912,0.2278,107.0,3.0,1,merchant_ecosystem_abuse,gift_card_abuse,merchant_gift_card_001__experiment_mut_9b34aba7478b,scn_6e57d66bd371,overt_fraud,4,0,2,0,0,0,0,3,3,0
txn_9ff38010c4ca,716.73,0.3883,14,0,29.0,29.0,29.0,2.0,1.0,1.0,1.0,0.0,869.6938,0.1759,49.14,49.14,325.0,0.0978,267.28,651.0,0.0597,0.0789,1.1912,0.2278,107.0,3.0,1,merchant_ecosystem_abuse,gift_card_abuse,merchant_gift_card_001__experiment_mut_9b34aba7478b,scn_6e57d66bd371,overt_fraud,2,0,2,0,0,5,5,3,3,0
txn_faba23c35b39,918.59,0.4151,16,0,30.0,30.0,30.0,0.0,2.0,0.0,0.0,0.0,864.595,0.0625,116.53,116.53,325.0,0.0978,267.28,651.0,0.0597,0.0789,1.1912,0.2278,107.0,3.0,1,merchant_ecosystem_abuse,gift_card_abuse,merchant_gift_card_001__experiment_mut_9b34aba7478b,scn_6e57d66bd371,overt_fraud,4,0,2,0,0,4,4,3,3,0
txn_134d2613bc72,1215.9,0.8894,16,0,31.0,31.0,31.0,1.0,1.0,1.0,1.0,0.0,866.3368,0.4035,19.13,19.13,325.0,0.0978,267.28,651.0,0.0597,0.0789,1.1912,0.2278,107.0,3.0,1,merchant_ecosystem_abuse,gift_card_abuse,merchant_gift_card_001__experiment_mut_9b34aba7478b,scn_6e57d66bd371,overt_fraud,2,0,2,0,0,0,0,3,3,0
txn_9b2326d77dc6,1311.79,0.6466,18,0,32.0,32.0,32.0,2.0,1.0,0.0,0.0,0.0,877.2606,0.4953,88.54,88.54,325.0,0.0978,267.28,651.0,0.0597,0.0789,1.1912,0.2278,107.0,3.0,1,merchant_ecosystem_abuse,gift_card_abuse,merchant_gift_card_001__experiment_mut_9b34aba7478b,scn_6e57d66bd371,overt_fraud,0,0,2,0,0,1,1,3,3,0
txn_08038795b0bf,521.25,0.4803,7,0,33.0,33.0,33.0,0.0,2.0,0.0,0.0,0.0,890.4282,0.4146,804.28,804.28,325.0,0.0978,267.28,651.0,0.0597,0.0789,1.1912,0.2278,107.0,3.0,1,merchant_ecosystem_abuse,gift_card_abuse,merchant_gift_card_001__experiment_mut_9b34aba7478b,scn_6e57d66bd371,overt_fraud,1,0,2,0,0,0,0,3,3,0
txn_4c01daa1099e,1335.05,0.6452,20,1,0.0,0.0,0.0,0.0,2.0,0.0,0.0,0.0,0.0,0.0,1440.0,1440.0,634.0,0.1903,185.29,471.0,0.0654,0.0682,0.7423,0.5562,78.0,0.0,1,merchant_ecosystem_abuse,gift_card_abuse,merchant_gift_card_001__experiment_mut_9b34aba7478b,scn_f5af7dfe05f9,overt_fraud,1,0,2,0,0,4,3,3,3,0
txn_8883041cf9cd,1677.54,0.3473,21,0,1.0,1.0,1.0,1.0,3.0,1.0,1.0,0.0,1335.05,0.2565,49.34,49.34,634.0,0.1903,185.29,471.0,0.0654,0.0682,0.7423,0.5562,78.0,0.0,1,merchant_ecosystem_abuse,gift_card_abuse,merchant_gift_card_001__experiment_mut_9b34aba7478b,scn_f5af7dfe05f9,overt_fraud,1,0,2,0,1,5,5,3,3,1
txn_e4d066a147ac,1962.17,0.8374,3,0,2.0,2.0,2.0,2.0,3.0,0.0,0.0,1.0,1506.295,0.3026,352.16,352.16,634.0,0.1903,185.29,471.0,0.0654,0.0682,0.7423,0.5562,78.0,0.0,1,merchant_ecosystem_abuse,gift_card_abuse,merchant_gift_card_001__experiment_mut_9b34aba7478b,scn_f5af7dfe05f9,overt_fraud,3,0,2,0,0,3,3,3,3,0
txn_24bca28345b1,974.34,0.4757,4,0,3.0,3.0,3.0,0.0,3.0,0.0,0.0,1.0,1658.2533,0.4124,74.55,74.55,634.0,0.1903,185.29,471.0,0.0654,0.0682,0.7423,0.5562,78.0,0.0,1,merchant_ecosystem_abuse,gift_card_abuse,merchant_gift_card_001__experiment_mut_9b34aba7478b,scn_f5af7dfe05f9,overt_fraud,2,0,2,0,0,5,5,3,3,0
txn_fcd16b75775f,260.29,0.4155,6,0,4.0,4.0,4.0,1.0,3.0,0.0,0.0,1.0,1487.275,0.825,124.7,124.7,634.0,0.1903,185.29,471.0,0.0654,0.0682,0.7423,0.5562,78.0,0.0,1,merchant_ecosystem_abuse,gift_card_abuse,merchant_gift_card_001__experiment_mut_9b34aba7478b,scn_f5af7dfe05f9,overt_fraud,0,0,2,0,0,1,1,3,3,0
txn_a103810100b2,1926.17,0.6011,7,1,5.0,5.0,5.0,2.0,2.0,1.0,1.0,1.0,1241.878,0.551,18.59,18.59,634.0,0.1903,185.29,471.0,0.0654,0.0682,0.7423,0.5562,78.0,0.0,1,merchant_ecosystem_abuse,gift_card_abuse,merchant_gift_card_001__experiment_mut_9b34aba7478b,scn_f5af7dfe05f9,overt_fraud,2,0,2,0,0,0,3,3,3,0
txn_5d6b63b3f8bc,1296.04,0.4172,9,0,6.0,6.0,6.0,0.0,2.0,0.0,0.0,1.0,1355.9267,0.0442,159.59,159.59,634.0,0.1903,185.29,471.0,0.0654,0.0682,0.7423,0.5562,78.0,0.0,1,merchant_ecosystem_abuse,gift_card_abuse,merchant_gift_card_001__experiment_mut_9b34aba7478b,scn_f5af7dfe05f9,overt_fraud,3,0,2,0,0,5,5,3,3,0
txn_eb1e97b059b7,1391.08,0.467,10,0,7.0,7.0,7.0,1.0,2.0,0.0,0.0,1.0,1347.3714,0.0324,63.69,63.69,634.0,0.1903,185.29,471.0,0.0654,0.0682,0.7423,0.5562,78.0,0.0,1,merchant_ecosystem_abuse,gift_card_abuse,merchant_gift_card_001__experiment_mut_9b34aba7478b,scn_f5af7dfe05f9,overt_fraud,1,0,2,0,0,2,2,3,3,0
txn_00d2afd712d8,143.78,0.6519,17,0,8.0,8.0,8.0,2.0,3.0,0.0,0.0,1.0,1352.835,0.8937,383.47,383.47,634.0,0.1903,185.29,471.0,0.0654,0.0682,0.7423,0.5562,78.0,0.0,1,merchant_ecosystem_abuse,gift_card_abuse,merchant_gift_card_001__experiment_mut_9b34aba7478b,scn_f5af7dfe05f9,overt_fraud,1,0,2,0,0,4,4,3,3,0
txn_915f82b9f9b1,656.02,0.7256,18,0,9.0,9.0,9.0,0.0,3.0,0.0,0.0,1.0,1218.4956,0.4616,75.99,75.99,634.0,0.1903,185.29,471.0,0.0654,0.0682,0.7423,0.5562,78.0,0.0,1,merchant_ecosystem_abuse,gift_card_abuse,merchant_gift_card_001__experiment_mut_9b34aba7478b,scn_f5af7dfe05f9,overt_fraud,4,0,2,0,0,0,0,3,3,0
txn_f3c764421e61,321.19,0.4264,19,0,10.0,10.0,10.0,1.0,3.0,0.0,0.0,1.0,1162.248,0.7236,84.77,84.77,634.0,0.1903,185.29,471.0,0.0654,0.0682,0.7423,0.5562,78.0,0.0,1,merchant_ecosystem_abuse,gift_card_abuse,merchant_gift_card_001__experiment_mut_9b34aba7478b,scn_f5af7dfe05f9,overt_fraud,1,0,2,0,0,0,0,3,3,0
txn_b312d7eff6e1,216.04,0.4869,20,0,11.0,11.0,11.0,2.0,3.0,1.0,1.0,1.0,1085.7882,0.801,25.52,25.52,634.0,0.1903,185.29,471.0,0.0654,0.0682,0.7423,0.5562,78.0,0.0,1,merchant_ecosystem_abuse,gift_card_abuse,merchant_gift_card_001__experiment_mut_9b34aba7478b,scn_f5af7dfe05f9,overt_fraud,4,0,2,0,0,5,5,3,3,0
txn_764682d326fc,2001.49,0.4994,0,1,12.0,12.0,12.0,0.0,3.0,0.0,0.0,0.0,1013.3092,0.9752,234.62,234.62,634.0,0.1903,185.29,471.0,0.0654,0.0682,0.7423,0.5562,78.0,0.0,1,merchant_ecosystem_abuse,gift_card_abuse,merchant_gift_card_001__experiment_mut_9b34aba7478b,scn_f5af7dfe05f9,overt_fraud,3,0,2,0,0,2,0,3,3,0
txn_7c9af92aa18d,268.83,0.3116,3,1,13.0,13.0,13.0,1.0,3.0,0.0,0.0,0.0,1089.3231,0.7532,215.47,215.47,634.0,0.1903,185.29,471.0,0.0654,0.0682,0.7423,0.5562,78.0,0.0,1,merchant_ecosystem_abuse,gift_card_abuse,merchant_gift_card_001__experiment_mut_9b34aba7478b,scn_f5af7dfe05f9,overt_fraud,1,0,2,0,0,4,2,3,3,0
txn_02d7b2a1e849,1035.82,0.5005,6,1,14.0,14.0,14.0,2.0,3.0,0.0,0.0,0.0,1030.7164,0.005,183.09,183.09,634.0,0.1903,185.29,471.0,0.0654,0.0682,0.7423,0.5562,78.0,0.0,1,merchant_ecosystem_abuse,gift_card_abuse,merchant_gift_card_001__experiment_mut_9b34aba7478b,scn_f5af7dfe05f9,overt_fraud,4,0,2,0,0,4,1,3,3,0
txn_3b85c352b04d,931.96,0.6396,8,0,15.0,15.0,15.0,0.0,2.0,0.0,0.0,0.0,1031.0567,0.0961,97.88,97.88,634.0,0.1903,185.29,471.0,0.0654,0.0682,0.7423,0.5562,78.0,0.0,1,merchant_ecosystem_abuse,gift_card_abuse,merchant_gift_card_001__experiment_mut_9b34aba7478b,scn_f5af7dfe05f9,overt_fraud,1,0,2,0,0,3,3,3,3,0
txn_a5fb477cbb31,262.23,0.5246,8,0,16.0,16.0,16.0,1.0,2.0,1.0,1.0,0.0,1024.8631,0.7441,13.54,13.54,634.0,0.1903,185.29,471.0,0.0654,0.0682,0.7423,0.5562,78.0,0.0,1,merchant_ecosystem_abuse,gift_card_abuse,merchant_gift_card_001__experiment_mut_9b34aba7478b,scn_f5af7dfe05f9,overt_fraud,3,0,2,0,0,2,2,3,3,0
txn_d80fa2259da2,748.96,0.568,10,1,17.0,17.0,17.0,2.0,2.0,0.0,0.0,0.0,980.0024,0.2358,86.53,86.53,634.0,0.1903,185.29,471.0,0.0654,0.0682,0.7423,0.5562,78.0,0.0,1,merchant_ecosystem_abuse,gift_card_abuse,merchant_gift_card_001__experiment_mut_9b34aba7478b,scn_f5af7dfe05f9,overt_fraud,4,0,2,0,0,1,3,3,3,0
txn_c52ff2b6cd54,648.92,0.381,12,1,18.0,18.0,18.0,0.0,2.0,0.0,0.0,0.0,967.1667,0.3291,134.04,134.04,634.0,0.1903,185.29,471.0,0.0654,0.0682,0.7423,0.5562,78.0,0.0,1,merchant_ecosystem_abuse,gift_card_abuse,merchant_gift_card_001__experiment_mut_9b34aba7478b,scn_f5af7dfe05f9,overt_fraud,2,0,2,0,0,0,5,3,3,0
txn_03603e6de4f9,1113.87,0.689,14,0,19.0,19.0,19.0,1.0,1.0,0.0,0.0,0.0,950.4168,0.172,109.73,109.73,634.0,0.1903,185.29,471.0,0.0654,0.0682,0.7423,0.5562,78.0,0.0,1,merchant_ecosystem_abuse,gift_card_abuse,merchant_gift_card_001__experiment_mut_9b34aba7478b,scn_f5af7dfe05f9,overt_fraud,3,0,2,0,0,4,4,3,3,0
txn_cae257f605ff,415.39,0.5821,14,0,20.0,20.0,20.0,2.0,1.0,1.0,1.0,0.0,958.5895,0.5667,42.79,42.79,634.0,0.1903,185.29,471.0,0.0654,0.0682,0.7423,0.5562,78.0,0.0,1,merchant_ecosystem_abuse,gift_card_abuse,merchant_gift_card_001__experiment_mut_9b34aba7478b,scn_f5af7dfe05f9,overt_fraud,2,0,2,0,0,3,3,3,3,0
txn_cabf46b385a6,490.05,0.6788,15,0,21.0,21.0,21.0,0.0,0.0,1.0,1.0,0.0,932.7229,0.4746,33.18,33.18,634.0,0.1903,185.29,471.0,0.0654,0.0682,0.7423,0.5562,78.0,0.0,1,merchant_ecosystem_abuse,gift_card_abuse,merchant_gift_card_001__experiment_mut_9b34aba7478b,scn_f5af7dfe05f9,overt_fraud,2,0,2,0,0,0,0,3,3,0
txn_399c14040cdb,844.87,0.4693,15,0,22.0,22.0,22.0,1.0,0.0,2.0,2.0,0.0,912.6014,0.0742,12.51,12.51,634.0,0.1903,185.29,471.0,0.0654,0.0682,0.7423,0.5562,78.0,0.0,1,merchant_ecosystem_abuse,gift_card_abuse,merchant_gift_card_001__experiment_mut_9b34aba7478b,scn_f5af7dfe05f9,overt_fraud,4,0,2,0,0,0,0,3,3,0
txn_014f47c96e12,392.24,0.455,16,1,23.0,23.0,23.0,2.0,0.0,2.0,2.0,0.0,909.6565,0.5688,43.13,43.13,634.0,0.1903,185.29,471.0,0.0654,0.0682,0.7423,0.5562,78.0,0.0,1,merchant_ecosystem_abuse,gift_card_abuse,merchant_gift_card_001__experiment_mut_9b34aba7478b,scn_f5af7dfe05f9,overt_fraud,1,0,2,0,1,0,1,3,3,1
txn_dc2fc7346b84,180.65,0.4712,19,0,24.0,24.0,24.0,0.0,0.0,0.0,0.0,1.0,888.0975,0.7966,173.81,173.81,634.0,0.1903,185.29,471.0,0.0654,0.0682,0.7423,0.5562,78.0,0.0,1,merchant_ecosystem_abuse,gift_card_abuse,merchant_gift_card_001__experiment_mut_9b34aba7478b,scn_f5af7dfe05f9,overt_fraud,2,0,2,0,1,3,3,3,3,1
txn_5647ea647ea2,705.33,0.447,0,0,25.0,25.0,25.0,1.0,0.0,0.0,0.0,2.0,859.7996,0.1797,299.05,299.05,634.0,0.1903,185.29,471.0,0.0654,0.0682,0.7423,0.5562,78.0,0.0,1,merchant_ecosystem_abuse,gift_card_abuse,merchant_gift_card_001__experiment_mut_9b34aba7478b,scn_f5af7dfe05f9,overt_fraud,0,0,2,0,0,4,4,3,3,0
txn_2f9de7acce6a,1629.33,0.6871,2,0,26.0,26.0,26.0,2.0,0.0,0.0,0.0,2.0,853.8585,0.9082,123.68,123.68,634.0,0.1903,185.29,471.0,0.0654,0.0682,0.7423,0.5562,78.0,0.0,1,merchant_ecosystem_abuse,gift_card_abuse,merchant_gift_card_001__experiment_mut_9b34aba7478b,scn_f5af7dfe05f9,overt_fraud,0,0,2,0,0,1,1,3,3,0
txn_cc562f4a7271,1484.57,0.3505,6,0,27.0,27.0,27.0,0.0,0.0,0.0,0.0,2.0,882.5796,0.6821,220.52,220.52,634.0,0.1903,185.29,471.0,0.0654,0.0682,0.7423,0.5562,78.0,0.0,1,merchant_ecosystem_abuse,gift_card_abuse,merchant_gift_card_001__experiment_mut_9b34aba7478b,scn_f5af7dfe05f9,overt_fraud,3,0,2,0,0,2,2,3,3,0
txn_4956d4d16dde,911.23,0.3717,8,0,28.0,28.0,28.0,1.0,0.0,0.0,0.0,2.0,904.0793,0.0079,135.02,135.02,634.0,0.1903,185.29,471.0,0.0654,0.0682,0.7423,0.5562,78.0,0.0,1,merchant_ecosystem_abuse,gift_card_abuse,merchant_gift_card_001__experiment_mut_9b34aba7478b,scn_f5af7dfe05f9,overt_fraud,2,0,2,0,0,4,4,3,3,0
txn_e14bd3ad7d73,196.39,0.4468,9,0,29.0,29.0,29.0,2.0,0.0,0.0,0.0,2.0,904.3259,0.7828,86.88,86.88,634.0,0.1903,185.29,471.0,0.0654,0.0682,0.7423,0.5562,78.0,0.0,1,merchant_ecosystem_abuse,gift_card_abuse,merchant_gift_card_001__experiment_mut_9b34aba7478b,scn_f5af7dfe05f9,overt_fraud,3,0,2,0,0,3,3,3,3,0
txn_350d430e1e42,1475.15,0.5446,11,0,30.0,30.0,30.0,0.0,0.0,0.0,0.0,2.0,880.728,0.6749,101.98,101.98,634.0,0.1903,185.29,471.0,0.0654,0.0682,0.7423,0.5562,78.0,0.0,1,merchant_ecosystem_abuse,gift_card_abuse,merchant_gift_card_001__experiment_mut_9b34aba7478b,scn_f5af7dfe05f9,overt_fraud,3,0,2,0,0,4,4,3,3,0
txn_186c6c12759c,260.92,0.6454,15,0,31.0,31.0,31.0,1.0,0.0,0.0,0.0,2.0,899.9029,0.7101,233.43,233.43,634.0,0.1903,185.29,471.0,0.0654,0.0682,0.7423,0.5562,78.0,0.0,1,merchant_ecosystem_abuse,gift_card_abuse,merchant_gift_card_001__experiment_mut_9b34aba7478b,scn_f5af7dfe05f9,overt_fraud,2,0,2,0,0,4,4,3,3,0
txn_4972f825f094,1764.98,0.3536,17,1,32.0,32.0,32.0,2.0,0.0,0.0,0.0,1.0,879.9347,1.0058,124.53,124.53,634.0,0.1903,185.29,471.0,0.0654,0.0682,0.7423,0.5562,78.0,0.0,1,merchant_ecosystem_abuse,gift_card_abuse,merchant_gift_card_001__experiment_mut_9b34aba7478b,scn_f5af7dfe05f9,overt_fraud,0,0,2,0,0,1,3,3,3,0
txn_3cb9949da20a,376.23,0.632,4,0,33.0,33.0,33.0,0.0,0.0,0.0,0.0,0.0,906.7542,0.5851,646.59,646.59,634.0,0.1903,185.29,471.0,0.0654,0.0682,0.7423,0.5562,78.0,0.0,1,merchant_ecosystem_abuse,gift_card_abuse,merchant_gift_card_001__experiment_mut_9b34aba7478b,scn_f5af7dfe05f9,overt_fraud,0,0,2,0,0,5,5,3,3,0
txn_b78a845d2a3a,274.57,0.4189,6,0,34.0,34.0,34.0,1.0,1.0,0.0,0.0,0.0,891.1506,0.6919,110.26,110.26,634.0,0.1903,185.29,471.0,0.0654,0.0682,0.7423,0.5562,78.0,0.0,1,merchant_ecosystem_abuse,gift_card_abuse,merchant_gift_card_001__experiment_mut_9b34aba7478b,scn_f5af7dfe05f9,overt_fraud,3,0,2,0,0,4,4,3,3,0
txn_ff0664e4f9a7,1378.7,0.6281,8,0,35.0,35.0,35.0,2.0,1.0,0.0,0.0,0.0,873.534,0.5783,166.93,166.93,634.0,0.1903,185.29,471.0,0.0654,0.0682,0.7423,0.5562,78.0,0.0,1,merchant_ecosystem_abuse,gift_card_abuse,merchant_gift_card_001__experiment_mut_9b34aba7478b,scn_f5af7dfe05f9,overt_fraud,4,0,2,0,1,0,0,3,3,1
txn_92f5b039626c,1544.78,0.5877,9,0,36.0,36.0,36.0,0.0,0.0,1.0,1.0,1.0,887.5664,0.7405,45.51,45.51,634.0,0.1903,185.29,471.0,0.0654,0.0682,0.7423,0.5562,78.0,0.0,1,merchant_ecosystem_abuse,gift_card_abuse,merchant_gift_card_001__experiment_mut_9b34aba7478b,scn_f5af7dfe05f9,overt_fraud,2,0,2,0,0,3,3,3,3,0
txn_d223cb29fbc1,1952.1,0.7133,10,1,37.0,37.0,37.0,1.0,0.0,1.0,1.0,1.0,905.3289,1.1562,35.11,35.11,634.0,0.1903,185.29,471.0,0.0654,0.0682,0.7423,0.5562,78.0,0.0,1,merchant_ecosystem_abuse,gift_card_abuse,merchant_gift_card_001__experiment_mut_9b34aba7478b,scn_f5af7dfe05f9,overt_fraud,0,0,2,0,0,1,5,3,3,0
txn_04fabbdedc76,1231.78,0.6194,10,0,38.0,38.0,38.0,2.0,0.0,2.0,2.0,1.0,932.8755,0.3204,8.46,8.46,634.0,0.1903,185.29,471.0,0.0654,0.0682,0.7423,0.5562,78.0,0.0,1,merchant_ecosystem_abuse,gift_card_abuse,merchant_gift_card_001__experiment_mut_9b34aba7478b,scn_f5af7dfe05f9,overt_fraud,2,0,2,0,0,0,0,3,3,0
txn_fb5a89e14563,1724.85,0.8577,12,0,39.0,39.0,39.0,0.0,0.0,0.0,0.0,1.0,940.5397,0.8339,149.44,149.44,634.0,0.1903,185.29,471.0,0.0654,0.0682,0.7423,0.5562,78.0,0.0,1,merchant_ecosystem_abuse,gift_card_abuse,merchant_gift_card_001__experiment_mut_9b34aba7478b,scn_f5af7dfe05f9,overt_fraud,2,0,2,0,0,4,4,3,3,0
txn_21e038503f28,354.78,0.5417,13,0,40.0,40.0,40.0,1.0,0.0,1.0,1.0,1.0,960.1475,0.6305,17.58,17.58,634.0,0.1903,185.29,471.0,0.0654,0.0682,0.7423,0.5562,78.0,0.0,1,merchant_ecosystem_abuse,gift_card_abuse,merchant_gift_card_001__experiment_mut_9b34aba7478b,scn_f5af7dfe05f9,overt_fraud,2,0,2,0,0,0,0,3,3,0
txn_9148f9040bff,595.02,0.6135,13,0,41.0,41.0,41.0,2.0,0.0,1.0,1.0,1.0,945.3824,0.3706,48.61,48.61,634.0,0.1903,185.29,471.0,0.0654,0.0682,0.7423,0.5562,78.0,0.0,1,merchant_ecosystem_abuse,gift_card_abuse,merchant_gift_card_001__experiment_mut_9b34aba7478b,scn_f5af7dfe05f9,overt_fraud,4,0,2,0,0,1,1,3,3,0
txn_3cfedc8fc91b,1400.65,0.5575,14,0,42.0,42.0,42.0,0.0,0.0,1.0,1.0,1.0,937.0405,0.4948,14.05,14.05,634.0,0.1903,185.29,471.0,0.0654,0.0682,0.7423,0.5562,78.0,0.0,1,merchant_ecosystem_abuse,gift_card_abuse,merchant_gift_card_001__experiment_mut_9b34aba7478b,scn_f5af7dfe05f9,overt_fraud,0,0,2,0,0,0,0,3,3,0
txn_405a146381ee,304.83,0.4903,15,0,43.0,43.0,43.0,1.0,0.0,0.0,0.0,1.0,947.8221,0.6784,107.61,107.61,634.0,0.1903,185.29,471.0,0.0654,0.0682,0.7423,0.5562,78.0,0.0,1,merchant_ecosystem_abuse,gift_card_abuse,merchant_gift_card_001__experiment_mut_9b34aba7478b,scn_f5af7dfe05f9,overt_fraud,2,0,2,0,0,4,4,3,3,0
txn_5efddadc8a9c,1947.43,0.3023,17,0,44.0,44.0,44.0,2.0,0.0,0.0,0.0,1.0,933.2086,1.0868,105.48,105.48,634.0,0.1903,185.29,471.0,0.0654,0.0682,0.7423,0.5562,78.0,0.0,1,merchant_ecosystem_abuse,gift_card_abuse,merchant_gift_card_001__experiment_mut_9b34aba7478b,scn_f5af7dfe05f9,overt_fraud,3,0,2,0,0,2,2,3,3,0
txn_4cf6f3e0bde9,992.79,0.5789,18,1,45.0,45.0,45.0,0.0,0.0,1.0,1.0,1.0,955.7469,0.0388,22.45,22.45,634.0,0.1903,185.29,471.0,0.0654,0.0682,0.7423,0.5562,78.0,0.0,1,merchant_ecosystem_abuse,gift_card_abuse,merchant_gift_card_001__experiment_mut_9b34aba7478b,scn_f5af7dfe05f9,overt_fraud,0,0,2,0,0,5,2,3,3,0
txn_68c9946c9dd6,993.56,0.8499,19,0,46.0,46.0,46.0,1.0,0.0,0.0,0.0,1.0,956.5522,0.0387,80.44,80.44,634.0,0.1903,185.29,471.0,0.0654,0.0682,0.7423,0.5562,78.0,0.0,1,merchant_ecosystem_abuse,gift_card_abuse,merchant_gift_card_001__experiment_mut_9b34aba7478b,scn_f5af7dfe05f9,overt_fraud,2,0,2,0,0,4,4,3,3,0
txn_147cd7495109,514.78,0.4896,20,0,47.0,47.0,47.0,2.0,0.0,1.0,1.0,1.0,957.3396,0.4623,42.19,42.19,634.0,0.1903,185.29,471.0,0.0654,0.0682,0.7423,0.5562,78.0,0.0,1,merchant_ecosystem_abuse,gift_card_abuse,merchant_gift_card_001__experiment_mut_9b34aba7478b,scn_f5af7dfe05f9,overt_fraud,2,0,2,0,0,4,4,3,3,0
txn_6a113f099ec5,971.63,0.5623,21,0,48.0,48.0,48.0,0.0,0.0,1.0,1.0,1.0,948.1196,0.0248,57.35,57.35,634.0,0.1903,185.29,471.0,0.0654,0.0682,0.7423,0.5562,78.0,0.0,1,merchant_ecosystem_abuse,gift_card_abuse,merchant_gift_card_001__experiment_mut_9b34aba7478b,scn_f5af7dfe05f9,overt_fraud,2,0,2,0,0,0,0,3,3,0
txn_7259762006cb,731.21,0.3386,14,0,0.0,0.0,0.0,0.0,0.0,0.0,0.0,0.0,0.0,0.0,1440.0,1440.0,2946.0,0.0351,167.0,2456.0,0.0331,0.0127,0.2272,0.2407,217.0,0.0,1,merchant_ecosystem_abuse,gift_card_abuse,merchant_gift_card_001__experiment_mut_9b34aba7478b,scn_c5154238a0d9,stealth_fraud,3,0,2,0,0,3,3,3,3,0
txn_f6babf3f5552,1008.8,0.4974,14,0,1.0,1.0,1.0,1.0,0.0,1.0,1.0,0.0,731.21,0.3796,9.7,9.7,2946.0,0.0351,167.0,2456.0,0.0331,0.0127,0.2272,0.2407,217.0,0.0,1,merchant_ecosystem_abuse,gift_card_abuse,merchant_gift_card_001__experiment_mut_9b34aba7478b,scn_c5154238a0d9,stealth_fraud,4,0,2,0,0,2,2,3,3,0
txn_eda910de646f,982.46,0.3219,16,0,2.0,2.0,2.0,2.0,0.0,0.0,0.0,0.0,870.005,0.1293,110.61,110.61,2946.0,0.0351,167.0,2456.0,0.0331,0.0127,0.2272,0.2407,217.0,0.0,1,merchant_ecosystem_abuse,gift_card_abuse,merchant_gift_card_001__experiment_mut_9b34aba7478b,scn_c5154238a0d9,stealth_fraud,4,0,2,0,0,1,1,3,3,0
txn_8a8622730caf,890.27,0.7302,17,0,3.0,3.0,3.0,0.0,0.0,0.0,0.0,0.0,907.49,0.019,62.44,62.44,2946.0,0.0351,167.0,2456.0,0.0331,0.0127,0.2272,0.2407,217.0,0.0,1,merchant_ecosystem_abuse,gift_card_abuse,merchant_gift_card_001__experiment_mut_9b34aba7478b,scn_c5154238a0d9,stealth_fraud,4,0,2,0,0,4,4,3,3,0
txn_188279af88c0,1278.62,0.4766,18,0,4.0,4.0,4.0,1.0,0.0,1.0,1.0,0.0,903.185,0.4157,34.14,34.14,2946.0,0.0351,167.0,2456.0,0.0331,0.0127,0.2272,0.2407,217.0,0.0,1,merchant_ecosystem_abuse,gift_card_abuse,merchant_gift_card_001__experiment_mut_9b34aba7478b,scn_c5154238a0d9,stealth_fraud,1,0,2,0,0,4,4,3,3,0
txn_adfae7eb6601,440.13,0.9054,21,0,5.0,5.0,5.0,2.0,0.0,0.0,0.0,0.0,978.272,0.5501,192.89,192.89,2946.0,0.0351,167.0,2456.0,0.0331,0.0127,0.2272,0.2407,217.0,0.0,1,merchant_ecosystem_abuse,gift_card_abuse,merchant_gift_card_001__experiment_mut_9b34aba7478b,scn_c5154238a0d9,stealth_fraud,0,0,2,0,0,2,2,3,3,0
txn_11da4deee3a8,1245.76,0.4889,3,0,6.0,6.0,6.0,0.0,1.0,0.0,0.0,0.0,888.5817,0.402,388.73,388.73,2946.0,0.0351,167.0,2456.0,0.0331,0.0127,0.2272,0.2407,217.0,0.0,1,merchant_ecosystem_abuse,gift_card_abuse,merchant_gift_card_001__experiment_mut_9b34aba7478b,scn_c5154238a0d9,stealth_fraud,0,0,2,0,0,0,0,3,3,0
txn_c8389a5aff76,260.58,0.556,7,0,7.0,7.0,7.0,1.0,1.0,0.0,0.0,0.0,939.6071,0.7227,237.98,237.98,2946.0,0.0351,167.0,2456.0,0.0331,0.0127,0.2272,0.2407,217.0,0.0,1,merchant_ecosystem_abuse,gift_card_abuse,merchant_gift_card_001__experiment_mut_9b34aba7478b,scn_c5154238a0d9,stealth_fraud,1,0,2,0,0,2,2,3,3,0
txn_a87584a776a2,1743.39,0.3978,7,0,8.0,8.0,8.0,2.0,1.0,1.0,1.0,0.0,854.7288,1.0397,7.5,7.5,2946.0,0.0351,167.0,2456.0,0.0331,0.0127,0.2272,0.2407,217.0,0.0,1,merchant_ecosystem_abuse,gift_card_abuse,merchant_gift_card_001__experiment_mut_9b34aba7478b,scn_c5154238a0d9,stealth_fraud,0,0,2,0,1,4,4,3,3,1
txn_e64e0ee25655,718.2,0.7229,9,1,9.0,9.0,9.0,0.0,0.0,0.0,0.0,1.0,953.4689,0.2468,90.04,90.04,2946.0,0.0351,167.0,2456.0,0.0331,0.0127,0.2272,0.2407,217.0,0.0,1,merchant_ecosystem_abuse,gift_card_abuse,merchant_gift_card_001__experiment_mut_9b34aba7478b,scn_c5154238a0d9,stealth_fraud,0,0,2,0,0,5,3,3,3,0
txn_65b8987057c7,411.34,0.3132,10,1,10.0,10.0,10.0,1.0,0.0,0.0,0.0,1.0,929.942,0.5577,90.77,90.77,2946.0,0.0351,167.0,2456.0,0.0331,0.0127,0.2272,0.2407,217.0,0.0,1,merchant_ecosystem_abuse,gift_card_abuse,merchant_gift_card_001__experiment_mut_9b34aba7478b,scn_c5154238a0d9,stealth_fraud,0,0,2,0,0,0,1,3,3,0
txn_3085a1dc1543,1457.53,0.4145,14,0,11.0,11.0,11.0,2.0,0.0,0.0,0.0,1.0,882.7964,0.651,202.39,202.39,2946.0,0.0351,167.0,2456.0,0.0331,0.0127,0.2272,0.2407,217.0,0.0,1,merchant_ecosystem_abuse,gift_card_abuse,merchant_gift_card_001__experiment_mut_9b34aba7478b,scn_c5154238a0d9,stealth_fraud,3,0,2,0,0,5,5,3,3,0
txn_ce5d0dd5fc0d,1231.42,0.5229,19,0,12.0,12.0,12.0,0.0,0.0,0.0,0.0,1.0,930.6908,0.3231,302.53,302.53,2946.0,0.0351,167.0,2456.0,0.0331,0.0127,0.2272,0.2407,217.0,0.0,1,merchant_ecosystem_abuse,gift_card_abuse,merchant_gift_card_001__experiment_mut_9b34aba7478b,scn_c5154238a0d9,stealth_fraud,3,0,2,0,0,3,3,3,3,0
txn_f24896dc565d,947.64,0.7139,23,0,13.0,13.0,13.0,1.0,1.0,0.0,0.0,1.0,953.8238,0.0065,237.59,237.59,2946.0,0.0351,167.0,2456.0,0.0331,0.0127,0.2272,0.2407,217.0,0.0,1,merchant_ecosystem_abuse,gift_card_abuse,merchant_gift_card_001__experiment_mut_9b34aba7478b,scn_c5154238a0d9,stealth_fraud,2,0,2,0,0,1,1,3,3,0
txn_3bb0be746756,582.59,0.2379,10,0,14.0,14.0,14.0,2.0,3.0,0.0,0.0,0.0,953.3821,0.3889,695.43,695.43,2946.0,0.0351,167.0,2456.0,0.0331,0.0127,0.2272,0.2407,217.0,0.0,1,merchant_ecosystem_abuse,gift_card_abuse,merchant_gift_card_001__experiment_mut_9b34aba7478b,scn_c5154238a0d9,stealth_fraud,3,0,2,0,0,0,0,3,3,0
txn_1daee18ceadc,316.25,0.3479,14,0,15.0,15.0,15.0,0.0,3.0,0.0,0.0,0.0,928.6627,0.6595,209.01,209.01,2946.0,0.0351,167.0,2456.0,0.0331,0.0127,0.2272,0.2407,217.0,0.0,1,merchant_ecosystem_abuse,gift_card_abuse,merchant_gift_card_001__experiment_mut_9b34aba7478b,scn_c5154238a0d9,stealth_fraud,4,0,2,0,0,3,3,3,3,0
txn_4f8e8f20c10c,1642.06,0.6134,15,0,16.0,16.0,16.0,1.0,3.0,0.0,0.0,0.0,890.3869,0.8442,72.53,72.53,2946.0,0.0351,167.0,2456.0,0.0331,0.0127,0.2272,0.2407,217.0,0.0,1,merchant_ecosystem_abuse,gift_card_abuse,merchant_gift_card_001__experiment_mut_9b34aba7478b,scn_c5154238a0d9,stealth_fraud,3,0,2,0,0,1,1,3,3,0
txn_822efa1e78f8,1774.59,0.5192,16,0,17.0,17.0,17.0,2.0,3.0,0.0,0.0,0.0,934.6029,0.8988,68.91,68.91,2946.0,0.0351,167.0,2456.0,0.0331,0.0127,0.2272,0.2407,217.0,0.0,1,merchant_ecosystem_abuse,gift_card_abuse,merchant_gift_card_001__experiment_mut_9b34aba7478b,scn_c5154238a0d9,stealth_fraud,3,0,2,0,0,1,1,3,3,0
txn_64e1749d35d3,1638.49,0.4811,17,1,18.0,18.0,18.0,0.0,3.0,1.0,1.0,0.0,981.2689,0.6698,52.83,52.83,2946.0,0.0351,167.0,2456.0,0.0331,0.0127,0.2272,0.2407,217.0,0.0,1,merchant_ecosystem_abuse,gift_card_abuse,merchant_gift_card_001__experiment_mut_9b34aba7478b,scn_c5154238a0d9,stealth_fraud,4,0,2,0,0,5,1,3,3,0
txn_64b9b53f34f2,1647.61,0.3709,20,0,19.0,19.0,19.0,1.0,3.0,0.0,0.0,0.0,1015.8595,0.6219,162.7,162.7,2946.0,0.0351,167.0,2456.0,0.0331,0.0127,0.2272,0.2407,217.0,0.0,1,merchant_ecosystem_abuse,gift_card_abuse,merchant_gift_card_001__experiment_mut_9b34aba7478b,scn_c5154238a0d9,stealth_fraud,4,0,2,0,0,1,1,3,3,0
txn_7b57e3237371,1441.5,0.2021,20,0,20.0,20.0,20.0,2.0,2.0,1.0,1.0,0.0,1047.447,0.3762,16.42,16.42,2946.0,0.0351,167.0,2456.0,0.0331,0.0127,0.2272,0.2407,217.0,0.0,1,merchant_ecosystem_abuse,gift_card_abuse,merchant_gift_card_001__experiment_mut_9b34aba7478b,scn_c5154238a0d9,stealth_fraud,1,0,2,0,0,0,0,3,3,0
txn_553526040559,1278.3,0.2826,0,0,21.0,21.0,21.0,0.0,1.0,0.0,0.0,0.0,1066.2114,0.1989,210.65,210.65,2946.0,0.0351,167.0,2456.0,0.0331,0.0127,0.2272,0.2407,217.0,0.0,1,merchant_ecosystem_abuse,gift_card_abuse,merchant_gift_card_001__experiment_mut_9b34aba7478b,scn_c5154238a0d9,stealth_fraud,2,0,2,0,0,3,3,3,3,0
txn_785d305b48da,615.61,0.3658,8,0,22.0,22.0,22.0,1.0,2.0,0.0,0.0,0.0,1075.8518,0.4278,511.47,511.47,2946.0,0.0351,167.0,2456.0,0.0331,0.0127,0.2272,0.2407,217.0,0.0,1,merchant_ecosystem_abuse,gift_card_abuse,merchant_gift_card_001__experiment_mut_9b34aba7478b,scn_c5154238a0d9,stealth_fraud,2,0,2,0,0,3,3,3,3,0
txn_525499926275,988.02,0.5579,11,0,23.0,23.0,23.0,2.0,2.0,0.0,0.0,0.0,1055.8413,0.0642,179.47,179.47,2946.0,0.0351,167.0,2456.0,0.0331,0.0127,0.2272,0.2407,217.0,0.0,1,merchant_ecosystem_abuse,gift_card_abuse,merchant_gift_card_001__experiment_mut_9b34aba7478b,scn_c5154238a0d9,stealth_fraud,0,0,2,0,0,1,1,3,3,0
txn_71e264fc1c59,535.2,0.3973,13,0,24.0,24.0,24.0,0.0,2.0,0.0,0.0,0.0,1053.0154,0.4917,109.33,109.33,2946.0,0.0351,167.0,2456.0,0.0331,0.0127,0.2272,0.2407,217.0,0.0,1,merchant_ecosystem_abuse,gift_card_abuse,merchant_gift_card_001__experiment_mut_9b34aba7478b,scn_c5154238a0d9,stealth_fraud,0,0,2,0,0,1,1,3,3,0
txn_c1af709f685a,1722.9,0.2391,14,0,25.0,25.0,25.0,1.0,2.0,1.0,1.0,0.0,1032.3028,0.669,38.08,38.08,2946.0,0.0351,167.0,2456.0,0.0331,0.0127,0.2272,0.2407,217.0,0.0,1,merchant_ecosystem_abuse,gift_card_abuse,merchant_gift_card_001__experiment_mut_9b34aba7478b,scn_c5154238a0d9,stealth_fraud,3,0,2,0,0,1,1,3,3,0
txn_01ed82b461ad,552.95,0.4796,14,0,26.0,26.0,26.0,2.0,2.0,2.0,2.0,0.0,1058.8642,0.4778,21.72,21.72,2946.0,0.0351,167.0,2456.0,0.0331,0.0127,0.2272,0.2407,217.0,0.0,1,merchant_ecosystem_abuse,gift_card_abuse,merchant_gift_card_001__experiment_mut_9b34aba7478b,scn_c5154238a0d9,stealth_fraud,4,0,2,0,0,2,2,3,3,0
txn_c253667324fc,1395.64,0.5021,15,0,27.0,27.0,27.0,0.0,2.0,1.0,1.0,0.0,1040.1267,0.3418,60.0,60.0,2946.0,0.0351,167.0,2456.0,0.0331,0.0127,0.2272,0.2407,217.0,0.0,1,merchant_ecosystem_abuse,gift_card_abuse,merchant_gift_card_001__experiment_mut_9b34aba7478b,scn_c5154238a0d9,stealth_fraud,1,0,2,0,0,5,5,3,3,0
txn_9c4fea335af6,666.04,0.7088,15,0,28.0,28.0,28.0,1.0,1.0,1.0,1.0,0.0,1052.8236,0.3674,30.6,30.6,2946.0,0.0351,167.0,2456.0,0.0331,0.0127,0.2272,0.2407,217.0,0.0,1,merchant_ecosystem_abuse,gift_card_abuse,merchant_gift_card_001__experiment_mut_9b34aba7478b,scn_c5154238a0d9,stealth_fraud,0,0,2,0,0,1,1,3,3,0
txn_f40fc64b8c50,956.1,0.3754,19,0,29.0,29.0,29.0,2.0,2.0,0.0,0.0,0.0,1039.4862,0.0802,209.9,209.9,2946.0,0.0351,167.0,2456.0,0.0331,0.0127,0.2272,0.2407,217.0,0.0,1,merchant_ecosystem_abuse,gift_card_abuse,merchant_gift_card_001__experiment_mut_9b34aba7478b,scn_c5154238a0d9,stealth_fraud,0,0,2,0,0,1,1,3,3,0
txn_a0e49e38adce,1471.45,0.6028,23,0,30.0,30.0,30.0,0.0,2.0,0.0,0.0,0.0,1036.7067,0.4194,220.68,220.68,2946.0,0.0351,167.0,2456.0,0.0331,0.0127,0.2272,0.2407,217.0,0.0,1,merchant_ecosystem_abuse,gift_card_abuse,merchant_gift_card_001__experiment_mut_9b34aba7478b,scn_c5154238a0d9,stealth_fraud,4,0,2,0,0,3,3,3,3,0
txn_b2afb5a1a622,792.48,0.5154,4,0,31.0,31.0,31.0,1.0,1.0,0.0,0.0,0.0,1050.7306,0.2458,320.39,320.39,2946.0,0.0351,167.0,2456.0,0.0331,0.0127,0.2272,0.2407,217.0,0.0,1,merchant_ecosystem_abuse,gift_card_abuse,merchant_gift_card_001__experiment_mut_9b34aba7478b,scn_c5154238a0d9,stealth_fraud,3,0,2,0,0,1,1,3,3,0
txn_aee86ff5a606,1527.28,0.5525,4,0,32.0,32.0,32.0,2.0,1.0,1.0,1.0,0.0,1042.6603,0.4648,14.6,14.6,2946.0,0.0351,167.0,2456.0,0.0331,0.0127,0.2272,0.2407,217.0,0.0,1,merchant_ecosystem_abuse,gift_card_abuse,merchant_gift_card_001__experiment_mut_9b34aba7478b,scn_c5154238a0d9,stealth_fraud,0,0,2,0,0,0,0,3,3,0
txn_3d48fca5829e,809.02,0.4287,5,0,33.0,33.0,33.0,0.0,0.0,1.0,1.0,0.0,1057.3458,0.2349,54.17,54.17,2946.0,0.0351,167.0,2456.0,0.0331,0.0127,0.2272,0.2407,217.0,0.0,1,merchant_ecosystem_abuse,gift_card_abuse,merchant_gift_card_001__experiment_mut_9b34aba7478b,scn_c5154238a0d9,stealth_fraud,4,0,2,0,0,2,2,3,3,0
txn_c477bde9a409,1256.52,0.4628,8,0,34.0,34.0,34.0,1.0,0.0,0.0,0.0,0.0,1050.0421,0.1966,161.07,161.07,2946.0,0.0351,167.0,2456.0,0.0331,0.0127,0.2272,0.2407,217.0,0.0,1,merchant_ecosystem_abuse,gift_card_abuse,merchant_gift_card_001__experiment_mut_9b34aba7478b,scn_c5154238a0d9,stealth_fraud,1,0,2,0,0,1,1,3,3,0
txn_52599845c4a6,270.96,0.6055,12,0,35.0,35.0,35.0,2.0,1.0,0.0,0.0,0.0,1055.9414,0.7434,247.49,247.49,2946.0,0.0351,167.0,2456.0,0.0331,0.0127,0.2272,0.2407,217.0,0.0,1,merchant_ecosystem_abuse,gift_card_abuse,merchant_gift_card_001__experiment_mut_9b34aba7478b,scn_c5154238a0d9,stealth_fraud,1,0,2,0,0,0,0,3,3,0
txn_f45dd1a5f63e,869.93,0.6859,14,0,36.0,36.0,36.0,0.0,1.0,0.0,0.0,0.0,1034.1364,0.1588,135.56,135.56,2946.0,0.0351,167.0,2456.0,0.0331,0.0127,0.2272,0.2407,217.0,0.0,1,merchant_ecosystem_abuse,gift_card_abuse,merchant_gift_card_001__experiment_mut_9b34aba7478b,scn_c5154238a0d9,stealth_fraud,4,0,2,0,0,5,5,3,3,0
txn_f18e8dbef944,1301.33,0.5344,21,0,37.0,37.0,37.0,1.0,1.0,0.0,0.0,0.0,1029.6984,0.2638,404.96,404.96,2946.0,0.0351,167.0,2456.0,0.0331,0.0127,0.2272,0.2407,217.0,0.0,1,merchant_ecosystem_abuse,gift_card_abuse,merchant_gift_card_001__experiment_mut_9b34aba7478b,scn_c5154238a0d9,stealth_fraud,2,0,2,0,0,1,1,3,3,0
txn_588c6526cd21,884.42,0.5737,22,0,38.0,38.0,38.0,2.0,1.0,0.0,0.0,0.0,1036.8466,0.147,66.27,66.27,2946.0,0.0351,167.0,2456.0,0.0331,0.0127,0.2272,0.2407,217.0,0.0,1,merchant_ecosystem_abuse,gift_card_abuse,merchant_gift_card_001__experiment_mut_9b34aba7478b,scn_c5154238a0d9,stealth_fraud,3,0,2,0,0,0,0,3,3,0
txn_7d7650bea0fb,277.42,0.6136,22,0,39.0,39.0,39.0,0.0,1.0,1.0,1.0,0.0,1032.9382,0.7314,9.57,9.57,2946.0,0.0351,167.0,2456.0,0.0331,0.0127,0.2272,0.2407,217.0,0.0,1,merchant_ecosystem_abuse,gift_card_abuse,merchant_gift_card_001__experiment_mut_9b34aba7478b,scn_c5154238a0d9,stealth_fraud,3,0,2,0,0,3,3,3,3,0
txn_61a5b72fe939,1425.53,0.218,5,0,40.0,40.0,40.0,1.0,1.0,0.0,0.0,0.0,1014.0502,0.4058,409.25,409.25,2946.0,0.0351,167.0,2456.0,0.0331,0.0127,0.2272,0.2407,217.0,0.0,1,merchant_ecosystem_abuse,gift_card_abuse,merchant_gift_card_001__experiment_mut_9b34aba7478b,scn_c5154238a0d9,stealth_fraud,3,0,2,0,0,1,1,3,3,0
txn_13803bec9cac,1170.47,0.6441,6,0,41.0,41.0,41.0,2.0,1.0,1.0,1.0,0.0,1024.0863,0.1429,30.44,30.44,2946.0,0.0351,167.0,2456.0,0.0331,0.0127,0.2272,0.2407,217.0,0.0,1,merchant_ecosystem_abuse,gift_card_abuse,merchant_gift_card_001__experiment_mut_9b34aba7478b,scn_c5154238a0d9,stealth_fraud,3,0,2,0,0,0,0,3,3,0
